Linea,MAQUINA,COMPONENTE
L1_CS,SHOT PEENER,ZONA DE EXTRACCION
L1_CS,SHOT PEENER,ZONA DE EXTRACCION
L3_ITW,PLC/CONTROL,VOLTAJE DE CONTROL
L1_CS,COLDSET,VOLTAJE CONTROL
L1_PINTURA,CABINA TOP COAT,VIBRADOR DE CRIBA
L1_CS,ROBOT 4,VIBRACIÓN
LT1,LOAD TEST,V-GAGE
LT2,LOAD TEST,V-GAGE
LT1,LOAD TEST,V-GAGE
L1_PINTURA,HORNO SECADO,VENTILADOR SECADO
L1_ITW,GWK CHILLER,VENTILADOR DE TABLERO
L1_CS,HOT SET,VENTILADOR DE FILTRO
L1_CS,STRESS RELIEF OVEN,VENTILADOR COMBUSTION
L2_CS,STRESS RELIEF OVEN,VENTILADOR COMBUSTION
L1_CS,STRESS RELIEF OVEN,VENTILADOR COMBUSTION
L1_CS,STRESS RELIEF OVEN,VENTILADOR COMBUSTION
L1_CS,FINE PEENER DUST COLLECTOR,VENTILADOR
L2_ITW,GWK CHILLER,VENTILADOR
L3_ITW,GWK CHILLER,VENTILADOR
L1_PINTURA,HORNO PRECALENTADO,VENTILADOR
L1_PINTURA,HORNO SECADO,VENTILADOR
L1_CS,SHOT PEENER,VENTILADOR
L1_CS,HOT SET,VELOCIDADES
L3_ITW,BENDING ROLLERS,VELOCIDAD LINEA
L2_ITW,BENDING ROLLERS,VELOCIDAD
L2_ITW,DISC SAW,VELOCIDAD
L3_ITW,HARDENING,VELOCIDAD
L2_CS,HOT SET,VELOCIDAD
L1_ITW,PLC/CONTROL,VELOCIDAD
L1_CS,SHOT PEENER,VASTAGO DE CILINDRO
L1_CS,HOT SET,VASTAGO CAIDO
LT2,LOAD TEST,VÁSTAGO
L1_ITW,HARDENING,VARIACIÓN VOLTAJE
L1_CS,COILING FMB12,VARIACIÓN
L1_CS,SHOT PEENER DUST COLLECTOR,VÁLVULAS
L1_DL,BOCK POINTING MACHINE,VALVULAS
L2_CS,COOLING TANK,VALVULAS
L1_CS,SHOT PEENER DUST COLLECTOR,VÁLVULA ROTATORIA
L2_CS,SHOT PEENER DUST COLLECTOR,VÁLVULA GIRATORIA
L1_DL,SHOT PEENER,VALVULA DOSIFICADORA
L1_ITW,COOLING ZONE 1,VALVULA DE PROCESO
L2_ITW,COOLING ZONE 1,VALVULA DE PROCESO
L3_ITW,COOLING ZONE 1,VALVULA DE PROCESO
L2_ITW,HARDENING,VALVULA DE LLENADO
L3_ITW,COOLING ZONE 2,VALVULA DE FLUJOMETRO
L1_CS,COOLING TANK,VÁLVULA CHECK
L2_CS,COOLING TANK,VÁLVULA CHECK
L2_CS,COOLING TANK,VALVULA CHECK
L1_CS,COOLING TANK,VÁLVULA
L1_ITW,DRIVE ROLLERS 3,VÁLVULA
L1_PINTURA,ETAPA DESENGRASANTE,VÁLVULA
L1_DL,BOCK POINTING MACHINE,VALVULA
L1_DL,DECOILER,VALVULA
L3_ITW,GWK CHILLER,VALVULA
LT1,LOAD TEST,V GAGE
L1_CS,HOT SET,UNIDADES DE DOFORMACIÓN
L1_PINTURA,CONVEYOR,UNIDAD MOTRIZ 1 ENTRADA A PRETRATAMIENTO
L1_PINTURA,CONVEYOR,UNIDAD MOTRIZ
L1_DL,ALIGNMENT ROLLERS,UNIDAD HIDRAULICA
L2_CS,COILING FMB01,UNIDAD HIDRAULICA
L1_DL,DECOILER,UNIDAD HIDRAULICA
L2_ITW,DUST COLLECTOR,UNIDAD DE MANTENIMIENTO
L2_ITW,BENDING ROLLERS,UNIDAD DE LUBRICACION
L2_CS,HOT SET,UNIDAD DE DEFORMACIÓN 2
L1_CS,HOT SET,UNIDAD DE DEFORMACIÓN 1
L2_CS,HOT SET,UNIDAD DE DEFORMACIÓN 1
L2_CS,HOT SET,UNIDAD DE COMPROBACIÓN 2
LT1,LOAD TEST,UNIDAD DE COMPROBACIÓN 1
L1_CS,COLDSET,UNIDAD DE COMPROBACION
LT1,LOAD TEST,UNIDAD DE COMPROBACION
L2_CS,SHOT PEENER,TURBINA2
L1_CS,STRESS RELIEF OVEN,TURBINA DE AIRE
L1_CS,FINE PEENER,TURBINA 4
L2_CS,FINE PEENER,TURBINA 4
L1_CS,SHOT PEENER,TURBINA 4
L2_CS,SHOT PEENER,TURBINA 4
L1_CS,FINE PEENER,TURBINA 3
L2_CS,FINE PEENER,TURBINA 3
L1_CS,SHOT PEENER,TURBINA 3
L1_DL,SHOT PEENER,TURBINA 3
L2_CS,SHOT PEENER,TURBINA 3
L1_DL,SHOT PEENER DUST COLLECTOR,TURBINA 3
L1_CS,FINE PEENER,TURBINA 2
L2_CS,FINE PEENER,TURBINA 2
L1_DL,SHOT PEENER,TURBINA 2
L1_CS,SHOT PEENER,TURBINA 2
L2_CS,SHOT PEENER,TURBINA 2
L1_CS,FINE PEENER,TURBINA 1
L2_CS,FINE PEENER,TURBINA 1
L1_DL,SHOT PEENER,TURBINA 1
L1_CS,SHOT PEENER,TURBINA 1
L2_CS,SHOT PEENER,TURBINA 1
L2_CS,FINE PEENER,TUNEL DE SALIDA
L2_CS,SHOT PEENER,TUNEL DE SALIDA
L1_CS,SHOT PEENER,TUNEL DE ENTRADA
L1_CS,SHOT PEENER,TUNEL
L2_CS,SHOT PEENER,TUNEL
L3_ITW,DRIVE ROLLERS 1,TUERCA TRASERA
L2_ITW,ALIGNMENT ROLLERS,TUERCA ALINEACION
L2_CS,STRESS RELIEF OVEN,TUBO SALIDO
L1_ITW,COOLING TOWER GWK,TUBO REVENTADO
L2_ITW,COOLING TOWER GWK,TUBO REVENTADO
L1_DL,SHOT PEENER,TUBO O BASUCA DE ENTRADA
L1_DL,SHOT PEENER,TUBO DE ENTRADA
L1_ITW,HARDENING,TUBERIAS DE AGUA
L1_CS,COLDSET,TUBERIAS
L1_ITW,HARDENING,TUBERIA DE SERPENTINAS
L2_ITW,SLM,TUBERIA DE ENTRADA A TABLERO
L2_CS,ROBOT 2,TUBERIA DE CABLEADO Y BASE DAÑADOS
L2_ITW,TEMPERING,TUBERIA DE BOMBA DE PROCESO
L2_ITW,COOLING TOWER GWK,TUBERIA DE BOMBA
L1_CS,COOLING TANK,TUBERIA CON FUGA
L2_ITW,COOLING TOWER GWK,TUBERÍA
L3_ITW,GWK CHILLER,TUBERÍA
L2_CS,COILING FMB46,TUBERIA
L1_ITW,COOLING TOWER GWK,TUBERIA
L1_ITW,COOLING ZONE 2,TUBERIA
L2_ITW,GWK CHILLER,TUBERIA
LT2,LOAD TEST,TRNAFER
L2_CS,HOT SET,TRAVSAÑO
L2_CS,COLDSET,TRAVESAÑOS
L2_CS,HOT SET,TRAVESAÑO DE CONVEYOR.
L1_CS,COLDSET,TRAVESAÑO
L1_CS,FINE PEENER,TRAVESAÑO
L2_CS,FINE PEENER,TRAVESAÑO
L1_CS,HOT SET,TRAVESAÑO
L2_CS,HOT SET,TRAVESAÑO
LT1,LOAD TEST,TRAVESAÑO
L2_CS,SHOT PEENER,TRAVESAÑO
L1_ITW,Winder,TRAVERSER
L3_ITW,HARDENING,TRASNSFORMADOR
L1_CS,SHOT PEENER,TRANSVERSAL
LT1,LOAD TEST,TRANSPORTADOR
L2_CS,SHOT PEENER,TRANSPORTADOR
L1_ITW,BENDING ROLLERS,TRANSMISION Y SERVO
L1_ITW,BENDING ROLLERS,TRANSMISION DE ROLLER
L1_CS,STRESS RELIEF OVEN,TRANSMISION CADENA
L2_CS,STRESS RELIEF OVEN,TRANSMISION CADENA
L3_ITW,BENDING ROLLERS,TRANSMISION
L3_ITW,BENDING ROLLERS,TRANSMICION
L3_ITW,HARDENING,TRANSFORMADOR
L2_ITW,SLM,TRANSFORMADOR
LT1,LOAD TEST,TRANSFER1
LT1,LOAD TEST,TRANSFER 1
LT1,LOAD TEST,TRANSFER
LT2,LOAD TEST,TRANSFER
L2_ITW,TRAVERSER,TRANSFER
L1_ITW,BENDING ROLLERS,TRANMISION DE SERVO
LT1,LOAD TEST,TRANFER
LT2,LOAD TEST,TRANFER
L1_ITW,COOLING TOWER GWK,TOWER GWK
L2_ITW,COOLING TOWER GWK,TOWER GWK
L3_ITW,HARDENING,TORRES
FACILITIES,SERVICIOS,TORRE REYMSA
L1_ITW,COOLING TOWER GWK,TORRE GWK
L2_ITW,COOLING TOWER GWK,TORRE GWK
L3_ITW,COOLING TOWER GWK,TORRE GWK
L3_ITW,GWK CHILLER,TORRE GWK
L3_ITW,COOLING TOWER GWK,TORRE ENFRIAMIENTO
L2_ITW,BENDING ROLLERS,TORQUE
L1_DL,SHOT PEENER,TORNILLOS SIN FIN SUPERIOR
LT2,LOAD TEST,TORNILLOS DE LEVA DEL CONVEYOR
L1_CS,ROBOT 1,TORNILLOS DE GRIPPER
L2_CS,ROBOT 1,TORNILLOS DE GRIPPER
L1_CS,ROBOT 2,TORNILLOS DE GRIPPER
L2_CS,ROBOT 2,TORNILLOS DE GRIPPER
L1_CS,ROBOT 3,TORNILLOS DE GRIPPER
L2_CS,ROBOT 3,TORNILLOS DE GRIPPER
L1_CS,ROBOT 4,TORNILLOS DE GRIPPER
L2_CS,ROBOT 4,TORNILLOS DE GRIPPER
L1_CS,ROBOT 5,TORNILLOS DE GRIPPER
L2_CS,ROBOT 5,TORNILLOS DE GRIPPER
L2_CS,ROBOT 6,TORNILLOS DE GRIPPER
L1_CS,COILING FMB12,TORNILLOS CAPADOS
L2_CS,ROBOT 6,TORNILLOS CAPADOS
L1_ITW,HARDENING,TORNILLOS BASE
L1_CS,COILING FMB12,TORNILLOS
L1_CS,COLDSET,TORNILLOS
L1_DL,GRINDING,TORNILLOS
L1_ITW,HARDENING,TORNILLOS
L1_DL,SHOT PEENER,TORNILLO TRANSVERSAL SUPERIOR
L1_CS,SHOT PEENER,TORNILLO TRANSVERSAL INFERIOR
L2_CS,SHOT PEENER,TORNILLO SINFIN LONGITUDINAL
L1_CS,SHOT PEENER,TORNILLO SINFIN
L2_CS,SHOT PEENER,TORNILLO SINFIN
L1_CS,SHOT PEENER,TORNILLO SIN FIN TRANSVERSAL
L1_DL,SHOT PEENER,TORNILLO SIN FIN SUPERIOR
L1_CS,SHOT PEENER,TORNILLO SIN FIN SUERIOR
L2_CS,FINE PEENER,TORNILLO SIN FIN LONGITUDINAL
L2_CS,SHOT PEENER,TORNILLO SIN FIN LONGITUDINAL
L1_CS,SHOT PEENER,TORNILLO SIN FIN INFERIOR
L1_CS,FINE PEENER,TORNILLO SIN FIN
L2_CS,FINE PEENER,TORNILLO SIN FIN
L1_CS,ROBOT 3,TORNILLO SIN FIN
L1_CS,ROBOT 4,TORNILLO SIN FIN
L1_CS,SHOT PEENER,TORNILLO SIN FIN
L2_CS,SHOT PEENER,TORNILLO SIN FIN
L1_CS,SHOT PEENER,TORNILLO LONGITUDINAL
L1_CS,SHOT PEENER,TORNILLO INFERIOR
L2_CS,HOT SET,TORNILLO DE LEVA
L1_DL,ALIGNMENT ROLLERS,TORNILLO DE AJUSTE DE RODILLOS
L1_ITW,HARDENING,TORNILLERIA DE BASE DE SERPENTINAS
L1_ITW,HARDENING,TORNILLERIA DE BASE DE SERPENTINA
L2_ITW,INLET,TORNILLERÍA
L2_ITW,COOLING ZONE 2,TORNILLERIA
L2_CS,ROBOT 2,TORNILLERIA
L1_CS,COILING FMB12,TOPE DE SEGURIDAD
L1_ITW,HARDENING,TOMACORRIENTE
L1_CS,SHOT PEENER,TOLVA DE LLENADO
L1_CS,SHOT PEENER,TOLVA DE GRANALLA
FACILITIES,Reparaciones,TOLVA DE FLEJES
L1_CS,SHOT PEENER,TOLVA
L2_CS,COOLING TANK,TMPERATURA ALTA
L1_ITW,HARDENING,TIERRAS DE HARDENING
L1_PINTURA,CABINA BASE COAT,TIERRAS
L2_ITW,PLC/CONTROL,TIERRA DE HL
FACILITIES,PLANTA,TGBT3
L1_ITW,GWK CHILLER,TERMOPAR
L2_ITW,WINDER,TENSOR CADENA
L2_ITW,DRIVE ROLLERS 3,TENSOR
L1_DL,GRINDING,TENSOR
L1_ITW,WINDER,TENSOR
L3_ITW,WINDER,TENSOR
FACILITIES,Suministro Electricidad,TENSIÓN ELECTRICA
L1_DL,DRAWING,TENSIÓN DE MANDO
L2_CS,COLDSET,TENSION DE LA MAQUINA
L1_DL,DEFECTOMAT,TENSIÓN DE CONTROL
L1_DL,DRAWING,TENSIÓN DE CONTROL
L1_DL,DRAWING,TENSION CONTROL
L1_DL,GRINDING,TENSIÓN
LT1,LOAD TEST,TENSIÓN
LT2,LOAD TEST,TENSIÓN
LT1,LOAD TEST,TENSION
L2_ITW,PLC/CONTROL,TENSION
L2_CS,COILING FMB01,TEMPERATURA HIDRAULICO
L1_CS,SHOT PEENER,TEMPERATURA DE SHOT PEENER
L2_ITW,HARDENING,TEMPERATURA DE INDUCCION
L1_CS,STRESS RELIEF OVEN,TEMPERATURA DE HORNO
L1_CS,COOLING TANK,TEMPERATURA DE AGUA
L2_CS,COOLING TANK,TEMPERATURA DE AGUA
L1_ITW,COOLING TOWER GWK,TEMPERATURA DE AGUA
L2_ITW,COOLING TOWER GWK,TEMPERATURA DE AGUA
L3_ITW,COOLING TOWER GWK,TEMPERATURA DE AGUA
L2_CS,STRESS RELIEF OVEN,TEMPERATURA BAJA
FACILITIES,SERVICIOS,TEMPERATURA ALTA
L1_ITW,COOLING TOWER GWK,TEMPERATURA AGUA
L1_CS,COLDSET,TEMPERATURA
L1_CS,COOLING TANK,TEMPERATURA
L2_CS,COOLING TANK,TEMPERATURA
L1_ITW,COOLING TOWER GWK,TEMPERATURA
L2_ITW,COOLING TOWER GWK,TEMPERATURA
L3_ITW,COOLING TOWER GWK,TEMPERATURA
L1_CS,FINE PEENER,TEMPERATURA
L1_ITW,GWK CHILLER,TEMPERATURA
L1_ITW,HARDENING,TEMPERATURA
L2_ITW,HARDENING,TEMPERATURA
LT1,LOAD TEST,TEMPERATURA
L2_CS,ROBOT 5,TEMPERATURA
L1_CS,SHOT PEENER,TEMPERATURA
L1_CS,SHOT PEENER DUST COLLECTOR,TEMPERATURA
L1_CS,STRESS RELIEF OVEN,TEMPERATURA
L2_CS,STRESS RELIEF OVEN,TEMPERATURA
L2_ITW,TEMPERING,TEMPERATURA
L3_ITW,TEMPERING,TEMPERATURA
L2_ITW,COOLING TOWER GWK,TEMPERATUR DE AGUA
L1_ITW,GWK CHILLER,TEMP ALTA
L1_CS,SHOT PEENER DUST COLLECTOR,TEMERATURA
L1_CS,ROBOT 1,TEACH PENDANT
L2_CS,ROBOT 1,TEACH PENDANT
L2_CS,ROBOT 2,TEACH PENDANT
L1_CS,ROBOT 4,TEACH PENDANT
L2_CS,ROBOT 4,TEACH PENDANT
L2_CS,ROBOT 2,TEACH
L2_CS,ROBOT 3,TEACH
L2_ITW,SLM,TARJETAS
L2_CS,COILING FMB01,TARJETA SE SENSORES
L2_ITW,GWK CHILLER,TARJETA DE CONTROL
L2_ITW,SLM,TARJETA CONTROL
L1_CS,ROBOT 1,TARJETA
L2_ITW,SLM,TARJETA
L3_ITW,TEMPERING,TARJETA
L1_ITW,COOLING ZONE 1,TAPAS LATERALES DE COOLING ZONE
L1_ITW,BENDING ROLLERS,TAPAS DE DEPOSITOS DE ACEITE
L2_ITW,HARDENING,TAPAS
L1_DL,SHOT PEENER,TAPA SUPERIOR
L1_DL,ALIGNMENT ROLLERS,TAPA DE RODILLOS
L1_DL,DECOILER,TAPA DE DECOILER
LT1,LOAD TEST,TANSPORTADORAS
L1_ITW,COOLING ZONE 1,TANQUES DE ENFRIAMIENTO
L1_DL,DUST COLLECTOR,TANQUES DE CO2
L1_CS,COILING FMB12,TANQUE NITROGENO
L3_ITW,COOLING TOWER GWK,TANQUE GWK.
L1_ITW,COOLING TOWER GWK,TANQUE GWK
L2_ITW,COOLING TOWER GWK,TANQUE GWK
L2_CS,COOLING TANK,TANQUE EN LÍNEA
L1_CS,COOLING TANK,TANQUE DE ENFRIAMIENTOS
L1_CS,COOLING TANK,TANQUE DE ENFRIAMIENTO
L2_CS,COOLING TANK,TANQUE DE ENFRIAMIENTO
L1_ITW,COOLING TOWER GWK,TANQUE DE ENFRIAMIENTO
L2_ITW,COOLING TOWER GWK,TANQUE DE ENFRIAMIENTO
L3_ITW,COOLING TOWER GWK,TANQUE DE ENFRIAMIENTO
L1_ITW,TORRE GWK,TANQUE DE ENFRIAMIENTO
L2_CS,FINE PEENER DUST COLLECTOR,TANQUE DE COLECTOR DE POLVOS
L1_ITW,COOLING TOWER GWK,TANQUE DE AGUA
FACILITIES,SERVICIOS,TANQUE 9000
L1_ITW,COOLING TOWER GWK,TANQUE
L2_ITW,COOLING TOWER GWK,TANQUE
L3_ITW,COOLING TOWER GWK,TANQUE
L1_ITW,GWK CHILLER,TANQUE
L2_ITW,HARDENING,TANQUE
L1_CS,FINE PEENER DUST COLLECTOR,TAMBOR DE RESIDUOS
L1_DL,DRAWING,TAMBOR
FACILITIES,Suministro Electricidad,TALLER MTTO
FACILITIES,EQUIPOS,TALLER DE MANTENIMIENTO
L2_CS,COOLING TANK,TABLILLA
L2_CS,COLDSET,TABLERO OPERACION
L2_ITW,TEMPERING,TABLERO ELECTRICO
L3_ITW,HARDENING,TABLERO DE HARDENING
L1_ITW,BENDING ROLLERS,TABLERO DE CONTROL MANUAL
L2_ITW,HARDENING,TABLERO DE CONTROL HARDENING
L2_ITW,GWK CHILLER,TABLERO DE CONTROL
L3_ITW,HARDENING,TABLERO DE CONTROL
L1_ITW,PLC/CONTROL,TABLERO DE CONTROL
L2_ITW,PLC/CONTROL,TABLERO DE CONTROL
L2_ITW,SLM,TABLERO DE CONTROL
L3_ITW,HARDENING,TABLERO CONTROL HARDENING
L3_ITW,CIRCOGRAPH,TABLERO
L1_ITW,HARDENING,TABLERO
L2_CS,FINE PEENER,SWITCH DE FINAL DE CARRERA
L1_PINTURA,CABINA TOP COAT,SUMINISTRO ELECTRICO
L2_ITW,HARDENING,SUMINISTRO ELECTRICO
L1_ITW,PLC/CONTROL,SUMINISTRO ELECTRICO
L2_ITW,PLC/CONTROL,SUMINISTRO ELECTRICO
L2_ITW,HARDENING,SUMINISTRO ELECTRICIDAD
FACILITIES,SERVICIOS,SUMINISTRO ELECTRICIDAD
FACILITIES,SERVICIOS,SUMINISTRO AGUA
FACILITIES,PLANTA,SUBESTACION
L2_ITW,WINDER,STOPPER
L3_ITW,WINDER,STOPPER
L3_ITW,HARDENING,START NOT OK
L1_CS,SHOT PEENER,STANDBY
L1_DL,DRAWING,SPYDER
L1_CS,SHOT PEENER,SPROCKET
L1_ITW,BENDING ROLLERS,SPEED CONTROL ROLLERS
L1_CS,COLDSET,SOPORTES DE ELEVADORES
L1_DL,DRAWING,SOPORTE DE RODILLOS
L1_CS,HOT SET,SOPORTE DE POSICIONAMIENTO
L2_CS,COLDSET,SOPORTE DE ELEVADOR
L1_CS,COILING FMB12,SOFTWARE
L2_ITW,SLM,SLM ERROR
L2_ITW,GWK CHILLER,SLM
L2_ITW,PLC/CONTROL,SLM
L1_CS,COILING FMB12,SLIP CONTROL
L2_CS,COILING FMB46,SLIP CONTROL
L1_CS,COILING FMB12,SLIDER
L2_CS,COILING FMB46,SLIDER
L1_CS,HOT SET,SLIDER
L2_CS,INLET,SLIDER
L2_CS,COILING FMB46,SITEMA
L1_CS,ROBOT 2,SISTEMA NEUMÁTICO
L1_ITW,COOLING TOWER GWK,SISTEMA ENFRIAMIENTO
LT1,LOAD TEST,SISTEMA DE VISIÓN
LT2,LOAD TEST,SISTEMA DE VISIÓN
L1_CS,FINE PEENER DUST COLLECTOR,SISTEMA DE EXTINCIÓN
L1_CS,SHOT PEENER DUST COLLECTOR,SISTEMA DE EXTINCIÓN
LT1,LOAD TEST,SISTEMA DE ENFRIAMIENTO DE DRIVES
L1_ITW,COOLING TOWER GWK,SISTEMA DE ENFRIAMIENTO
L2_ITW,COOLING TOWER GWK,SISTEMA DE ENFRIAMIENTO
L3_ITW,COOLING TOWER GWK,SISTEMA DE ENFRIAMIENTO
L1_CS,HOT SET,SISTEMA DE ENFRIAMIENTO
L2_CS,SHOT PEENER DUST COLLECTOR,SISTEMA CONTRA INCENDIO
L2_CS,FINE PEENER,SISTEMA CONTRA INCENDIO
L1_DL,SHOT PEENER,SISTEMA CONTRA INCENDIO
L1_CS,SHOT PEENER DUST COLLECTOR,SISTEMA CONTRA INCENDIO
L2_CS,SHOT PEENER,SINFIN
L2_ITW,DISC SAW,SINCRONIZACIÓN
L2_ITW,DISC SAW,SINCRONIZACION
L1_CS,FINE PEENER,SIN FIN TRANSVERSAL
L2_CS,FINE PEENER,SIN FIN TRANSVERSAL
L1_CS,SHOT PEENER,SIN FIN TRANSVERSAL
L2_CS,SHOT PEENER,SIN FIN TRANSVERSAL
L1_CS,FINE PEENER,SIN FIN SUPERIOR
L1_CS,SHOT PEENER,SIN FIN SUPERIOR
L1_DL,SHOT PEENER,SIN FIN SUPERIOR
L2_CS,SHOT PEENER,SIN FIN SUPERIOR
L1_CS,FINE PEENER,SIN FIN LONGITUDINAL
L2_CS,FINE PEENER,SIN FIN LONGITUDINAL
L1_CS,SHOT PEENER,SIN FIN LONGITUDINAL
L2_CS,SHOT PEENER,SIN FIN LONGITUDINAL
L1_CS,SHOT PEENER,SIN FIN INFERIOR
L1_CS,FINE PEENER,SIN FIN
L2_CS,FINE PEENER,SIN FIN
LT2,LOAD TEST,SIN FIN
L1_CS,SHOT PEENER,SIN FIN
L1_DL,SHOT PEENER,SIN FIN
L2_CS,LASER MARKING UNIT,SHUTTER
L1_DL,SHOT PEENER,SHOTPEENER
L2_CS,COILING FMB01,SERVOMOTORES
L1_CS,COILING FMB12,SERVOMOTORES
L2_CS,ROBOT 5,SERVOMOTORES
L2_CS,ROBOT 2,SERVOMOTOR EJE B
L2_CS,ROBOT 2,"SERVOMOTOR EJE ""L"""
L2_ITW,BENDING ROLLERS,SERVOMOTOR
L3_ITW,BENDING ROLLERS,SERVOMOTOR
L2_ITW,DISC SAW,SERVOMOTOR
L1_ITW,DRIVE ROLLERS 3,SERVOMOTOR
L1_CS,HOT SET,SERVOMOTOR
L1_CS,ROBOT 1,SERVOMOTOR
L2_CS,ROBOT 1,SERVOMOTOR
L2_CS,ROBOT 2,SERVOMOTOR
L1_CS,ROBOT 3,SERVOMOTOR
L2_CS,ROBOT 3,SERVOMOTOR
L2_CS,ROBOT 5,SERVOMOTOR
L2_CS,ROBOT 6,SERVOMOTOR
L1_ITW,DISC SAW,SERVODRIVE
L1_ITW,COOLING TOWER GWK,SERVO VALVULA
L2_CS,ROBOT 5,SERVO OVERHEAT
L1_CS,HOT SET,SERVO EJE X
L2_CS,ROBOT 5,SERVO EJE S
L2_CS,COLDSET,SERVO EJE DE DEFORMACION 2
L2_CS,ROBOT 3,"SERVO EJE ""S"""
L2_CS,COLDSET,SERVO DE EJE DE DEFORMACION 2
L1_ITW,BENDING ROLLERS,SERVO
L2_ITW,BENDING ROLLERS,SERVO
L3_ITW,BENDING ROLLERS,SERVO
L2_ITW,DISC SAW,SERVO
L1_CS,HOT SET,SERVO
L2_ITW,WINDER,SERVO
L1_ITW,HARDENING,SERPENTINAS
L2_ITW,HARDENING,SERPENTINAS
L1_ITW,HARDENING,SERPENTINA
L2_ITW,HARDENING,SERPENTINA
L2_CS,COILING FMB01,SERCOS
L2_CS,COILING FMB46,SERCOS
LT1,LOAD TEST,SEPARADORES
L2_CS,COILING FMB46,SEPARADOR DE SCRAP
LT1,LOAD TEST,SEPARADOR
LT2,LOAD TEST,SEPARADOR
L1_CS,SHOT PEENER,SEÑALES
L2_ITW,TRAVERSER,SENSORES POSICIÓN
L2_CS,ROBOT 1,SENSORES DE COLISIÓN
L2_CS,COLDSET,SENSORES
L2_CS,COOLING TANK,SENSORES
L1_DL,DECOILER,SENSORES
L1_ITW,DISC SAW,SENSORES
L2_ITW,DISC SAW,SENSORES
L1_CS,FINE PEENER,SENSORES
L2_CS,FINE PEENER,SENSORES
L1_CS,HOT SET,SENSORES
L2_CS,HOT SET,SENSORES
L2_CS,INLET,SENSORES
L1_CS,ROBOT 1,SENSORES
L2_CS,ROBOT 1,SENSORES
L1_CS,ROBOT 2,SENSORES
L2_CS,ROBOT 2,SENSORES
L1_CS,ROBOT 3,SENSORES
L2_CS,ROBOT 3,SENSORES
L1_CS,ROBOT 4,SENSORES
L2_CS,ROBOT 4,SENSORES
L1_CS,ROBOT 5,SENSORES
L2_CS,ROBOT 5,SENSORES
L2_CS,ROBOT 6,SENSORES
L2_ITW,WINDER,SENSORES
L2_CS,COOLING TANK,SENSORE DE NIVEL
L2_ITW,WINDER,SENSOR WINDER
L1_DL,DECOILER,SENSOR POSICION
L3_ITW,GWK CHILLER,SENSOR NIVEL DE AGUA
L2_CS,COOLING TANK,SENSOR NIVEL
L2_CS,COLDSET,SENSOR LEVA
L1_CS,FINE PEENER,SENSOR LEVA
L1_CS,INLET,SENSOR LEVA
L1_CS,SHOT PEENER,SENSOR LEVA
L1_ITW,DISC SAW,SENSOR LASER
L3_ITW,INLET,SENSOR INDUCTIVO
L1_CS,COILING FMB12,SENSOR ETIQUETA
L1_CS,INLET,SENSOR ETIQUETA
L1_ITW,WINDER,SENSOR DE WINDER
L2_CS,COOLING TANK,SENSOR DE TEMPERATURA
L1_ITW,PLC/CONTROL,SENSOR DE SEGURIDAD (GUARDA)
L1_DL,GUIDE ROLLERS,SENSOR DE SALIDA
L1_DL,GRINDING,SENSOR DE PRESIÓN
L1_PINTURA,HORNO SECADO,SENSOR DE PRESIÓN
L2_CS,STRESS RELIEF OVEN,SENSOR DE PRESIÓN
L1_DL,SHOT PEENER DUST COLLECTOR,SENSOR DE PRESION
L2_ITW,ALIGNMENT ROLLERS,SENSOR DE PRESENCIA DE ALAMBRE
L3_ITW,INLET,SENSOR DE PRESENCIA DE ALAMBRE
L2_ITW,INLET,SENSOR DE PRESENCIA DE ALAMBRE
L1_ITW,INLET,SENSOR DE PRESENCIA DE ALAMBRE
L1_DL,DECOILER,SENSOR DE POSICION DE DECOILER
L2_ITW,DISC SAW,SENSOR DE POSICION DE CORTADORA
L1_CS,STRESS RELIEF OVEN,SENSOR DE POSICION DE CADENA
L1_DL,DECOILER,SENSOR DE POSICIÓN
L1_CS,COLDSET,SENSOR DE POSICION
L1_DL,DECOILER,SENSOR DE POSICION
L2_ITW,DISC SAW,SENSOR DE POSICION
L1_CS,STRESS RELIEF OVEN,SENSOR DE POSICION
L1_CS,COOLING TANK,SENSOR DE NIVEL
L2_CS,COOLING TANK,SENSOR DE NIVEL
L3_ITW,GWK CHILLER,SENSOR DE NIVEL
L1_DL,DEFECTOMAT,SENSOR DE MESA DE DEFECTOMAT
L2_CS,COOLING TANK,SENSOR DE LLENADO MÁXIMO
L2_CS,COOLING TANK,SENSOR DE LLENADO
L2_ITW,BENDING ROLLERS,SENSOR DE LIMITE DE CARRERA
L2_CS,HOT SET,SENSOR DE LEVA
L1_CS,INLET,SENSOR DE LEVA
L2_CS,INLET,SENSOR DE LEVA
L2_CS,STRESS RELIEF OVEN,SENSOR DE LEVA
L2_CS,ROBOT 4,SENSOR DE GRIPPER
L1_DL,SHOT PEENER,SENSOR DE GRANALLA
L1_ITW,HARDENING,SENSOR DE FLUJO
L1_CS,COILING FMB12,SENSOR DE FINAL DE ALAMBRE
L2_CS,COILING FMB01,SENSOR DE ETIQUETAS
L1_CS,COILING FMB12,SENSOR DE ETIQUETAS
L2_CS,COILING FMB46,SENSOR DE ETIQUETAS
L1_ITW,INLET,SENSOR DE ENTRADA
L2_ITW,INLET,SENSOR DE ENTRADA
L3_ITW,INLET,SENSOR DE ENTRADA
LT2,LOAD TEST,SENSOR DE DISPOSITIVO DE PUNTOS
L2_CS,ROBOT 1,SENSOR DE COLISIÓN
L2_CS,ROBOT 1,SENSOR DE COLISION
L1_CS,ROBOT 2,SENSOR DE COLISION
L2_CS,ROBOT 2,SENSOR DE COLISION
L1_CS,ROBOT 3,SENSOR DE COLISION
L2_CS,ROBOT 3,SENSOR DE COLISION
L2_CS,ROBOT 4,SENSOR DE COLISION
L1_CS,ROBOT 5,SENSOR DE COLISION
L2_CS,ROBOT 5,SENSOR DE COLISION
L2_CS,COOLING TANK,SENSOR DE CANASTILLA 3
L1_ITW,PLC/CONTROL,SENSOR DE CAJA DE ALINEACION
L1_CS,STRESS RELIEF OVEN,SENSOR DE CADENA
L2_CS,COILING FMB46,SENSOR DE ALAMBRE
L1_ITW,INLET,SENSOR DAÑADO
L2_CS,ROBOT 2,SENSOR COLISION
L2_CS,ROBOT 3,SENSOR COLISION
L3_ITW,DRIVE ROLLERS 1,SENSOR ANILLO
L2_ITW,HARDENING,SENSOR ANILLO
L2_ITW,INLET,SENSOR ANILLO
L3_ITW,INLET,SENSOR ANILLO
L1_DL,ALIGNMENT ROLLERS,SENSOR
L1_ITW,ALIGNMENT ROLLERS,SENSOR
L2_ITW,ALIGNMENT ROLLERS,SENSOR
L3_ITW,ALIGNMENT ROLLERS,SENSOR
L3_ITW,BENDING ROLLERS,SENSOR
L1_ITW,CIRCOGRAPH,SENSOR
L1_CS,COLDSET,SENSOR
L1_CS,COOLING TANK,SENSOR
L2_CS,COOLING TANK,SENSOR
L1_DL,DECOILER,SENSOR
L1_DL,DEFECTOMAT,SENSOR
L1_ITW,DISC SAW,SENSOR
L1_ITW,DRIVE ROLLERS 3,SENSOR
L1_CS,FINE PEENER,SENSOR
L1_DL,GRINDING,SENSOR
L1_DL,GUIDE ROLLERS,SENSOR
L2_ITW,GWK CHILLER,SENSOR
L1_ITW,HARDENING,SENSOR
L2_ITW,HARDENING,SENSOR
L1_CS,INLET,SENSOR
L1_ITW,INLET,SENSOR
L2_CS,INLET,SENSOR
L2_ITW,INLET,SENSOR
L3_ITW,INLET,SENSOR
LT1,LOAD TEST,SENSOR
LT2,LOAD TEST,SENSOR
L2_CS,ROBOT 1,SENSOR
L1_CS,ROBOT 2,SENSOR
L1_CS,SHOT PEENER,SENSOR
L2_CS,SHOT PEENER,SENSOR
L2_CS,STRESS RELIEF OVEN,SENSOR
L1_ITW,WINDER,SENSOR
L3_ITW,WINDER,SENSOR
L3_ITW,PLC/CONTROL,SELECTOR DAÑADO
L1_DL,ALIGNMENT ROLLERS,SELECTOR ARRIBA/ABAJO
L1_ITW,DRIVE ROLLERS 1,SELECTOR
L3_ITW,DRIVE ROLLERS 1,SELECTOR
L3_ITW,PLC/CONTROL,SELECTOR
L1_ITW,WINDER,SELECTOR
L3_ITW,WINDER,SELECTOR
L2_CS,ROBOT 3,SEGURIDAD DEL ROBOT
L1_CS,COILING FMB12,SEGURIDAD
L1_ITW,PLC/CONTROL,SEGURIDAD
L2_ITW,PLC/CONTROL,SEGURIDAD
L3_ITW,PLC/CONTROL,SEGURIDAD
L2_ITW,SLM,SE DAÑA BOBINA
L1_CS,SHOT PEENER,SE BOTA TORNILLO SIN FIN
L2_CS,COILING FMB46,SE APAGA MAQUINA
L3_ITW,ALIGNMENT ROLLERS,SCRAP REDUCTION
LT1,LOAD TEST,SCANNER PARA ETIQUETAS
LT1,LOAD TEST,SCANNER
LT2,LOAD TEST,SCANNER
LT1,LOAD TEST,SCANERS
L2_CS,SHOT PEENER,SALIDA DE RESORTES
L1_CS,SHOT PEENER,SALIDA
L2_CS,SHOT PEENER,SALIDA
L1_DL,GRINDING,SAFETY SWITCH
L2_ITW,DISC SAW,SAFETY MONITOR
L1_ITW,PLC/CONTROL,SAFETY MONITOR
L2_CS,HOT SET,SAFETY GUARD
L2_CS,SHOT PEENER,RUIDO EN TURBINA
L1_PINTURA,CONVEYOR,RUEDA MOTRIZ
L1_ITW,DISC SAW,RUEDA DE ENCODER
L2_ITW,DISC SAW,RUEDA DE ENCODER
L2_CS,COILING FMB01,RUEDA DE DECOILER
L1_ITW,DISC SAW,RUEDA DE CORTADORA
L2_CS,SHOT PEENER,RUEDA CENTRIFUGA 1
L1_DL,SHOT PEENER,RUEDA 3
L3_ITW,HARDENING,ROSCAS DE HARDENING
L2_ITW,DRIVE ROLLERS 1,ROSCA DE TORRE GUIA
L3_ITW,BENDING ROLLERS,ROLLERS
L2_CS,COILING FMB46,ROLLERS
L1_ITW,DRIVE ROLLERS 3,ROLLERS
L1_DL,GUIDE ROLLERS,ROLLERS
L2_ITW,BENDING ROLLERS,ROLLER NO GIRA
L1_DL,GRINDING,ROLLER DE PRESIÓN
L1_ITW,BENDING ROLLERS,ROLLER 1
L2_ITW,BENDING ROLLERS,ROLLER 1
L3_ITW,BENDING ROLLERS,ROLLER
L1_ITW,DRIVE ROLLERS 1,ROLLER
L1_ITW,DRIVE ROLLERS 3,RODILLOS ZONA 4
L1_DL,GRINDING,RODILLOS QUE LIJAN
L1_DL,DRAWING,RODILLOS OVERHEAD
L1_DL,ALIGNMENT ROLLERS,RODILLOS HORIZONTALES
L1_ITW,HARDENING,RODILLOS GUÍA
L1_DL,ALIGNMENT ROLLERS,RODILLOS DE ARRASTRE
L1_ITW,ALIGNMENT ROLLERS,RODILLOS DE ARRASTRE
L1_DL,DRAWING,RODILLOS DE ARRASTRE
L1_CS,SHOT PEENER,RODILLOS DE ARRASTRE
L1_DL,ALIGNMENT ROLLERS,RODILLOS DE ALINEACIÓN 1(HORIZONTALES)
L1_DL,ALIGNMENT ROLLERS,RODILLOS DE ALINEACION
L1_CS,COILING FMB12,RODILLOS ALIMENTADORES GUIA
L2_CS,COILING FMB01,RODILLOS ALIMENTADORES
L1_CS,COILING FMB12,RODILLOS ALIMENTADORES
L2_CS,COILING FMB46,RODILLOS ALIMENTADORES
L1_ITW,BENDING ROLLERS,RODILLOS 1
L1_DL,ALIGNMENT ROLLERS,RODILLOS
L1_ITW,BENDING ROLLERS,RODILLOS
L2_ITW,BENDING ROLLERS,RODILLOS
L3_ITW,BENDING ROLLERS,RODILLOS
L1_DL,BOCK POINTING MACHINE,RODILLOS
L1_CS,COLDSET,RODILLOS
L2_CS,COLDSET,RODILLOS
L1_DL,DRAWING,RODILLOS
L1_ITW,DRIVE ROLLERS 1,RODILLOS
L3_ITW,DRIVE ROLLERS 1,RODILLOS
L3_ITW,DRIVE ROLLERS 2,RODILLOS
L1_ITW,DRIVE ROLLERS 3,RODILLOS
L2_ITW,DRIVE ROLLERS 3,RODILLOS
L3_ITW,DRIVE ROLLERS 3,RODILLOS
L3_ITW,DUST COLLECTOR,RODILLOS
L1_CS,FINE PEENER,RODILLOS
L2_CS,FINE PEENER,RODILLOS
L1_DL,GRINDING,RODILLOS
L1_CS,HOT SET,RODILLOS
L2_CS,HOT SET,RODILLOS
L1_ITW,LABELING,RODILLOS
LT1,LOAD TEST,RODILLOS
L1_CS,SHOT PEENER,RODILLOS
L2_CS,SHOT PEENER,RODILLOS
L1_ITW,DRIVE ROLLERS 3,RODILLO SUPERIOR
L1_DL,DRAWING,RODILLO PRESIÓN
L1_DL,DRAWING,RODILLO PRESION
L2_ITW,DRIVE ROLLERS 1,RODILLO INFERIOR 1
L1_DL,DRAWING,RODILLO ELEVADO
L2_CS,COILING FMB46,RODILLO DE FIN DE ALAMBRE
L1_ITW,DISC SAW,RODILLO DE ENCODER DE CORTADORA
L1_ITW,TRAVERSER,RODILLO DE ENCODER
L1_DL,DRAWING,RODILLO DE ARRASTRE
L1_ITW,ALIGNMENT ROLLERS,RODILLO DE ALINEACIÓN
L1_DL,ALIGNMENT ROLLERS,RODILLO DE ALIMENTACIÓN
L2_ITW,BENDING ROLLERS,RODILLO #1
L1_DL,ALIGNMENT ROLLERS,RODILLO
L2_ITW,BENDING ROLLERS,RODILLO
L3_ITW,BENDING ROLLERS,RODILLO
L1_CS,COLDSET,RODILLO
L2_CS,COLDSET,RODILLO
L1_DL,DECOILER,RODILLO
L1_DL,DRAWING,RODILLO
L1_ITW,DRIVE ROLLERS 1,RODILLO
L3_ITW,DRIVE ROLLERS 1,RODILLO
L1_ITW,DRIVE ROLLERS 3,RODILLO
L2_ITW,DRIVE ROLLERS 3,RODILLO
L1_DL,GRINDING,RODILLO
L1_CS,HOT SET,RODILLO
L2_CS,HOT SET,RODILLO
L1_ITW,LABELING,RODILLO
LT1,LOAD TEST,RODILLO
LT2,LOAD TEST,RODILLO
L2_ITW,BENDING ROLLERS,RODILLLO 2
L2_ITW,BENDING ROLLERS,RODAMIENTOS
L1_PINTURA,CONVEYOR,RODAMIENTOS
L1_DL,DEFECTOMAT,RODAMIENTOS
L1_ITW,DRIVE ROLLERS 2,RODAMIENTOS
L1_DL,ALIGNMENT ROLLERS,RODAMIENTO
L2_ITW,BENDING ROLLERS,RODAMIENTO
L1_PINTURA,CONVEYOR,RODAMIENTO
L1_CS,ROBOT 3,ROBOTS TWIN
LT1,LOAD TEST,ROBOTS
L1_CS,ROBOT 4,ROBOTS
L2_CS,SHOT PEENER,ROBOTS
LT1,LOAD TEST,ROBOT ETIQUETADOR
LT1,LOAD TEST,ROBOT DE ETIQUETADO
L1_CS,ROBOT 3,ROBOT #3
L1_CS,HOT SET,ROBOT #2
L1_CS,ROBOT 1,ROBOT
L2_CS,ROBOT 1,ROBOT
L1_CS,ROBOT 2,ROBOT
L1_CS,ROBOT 3,ROBOT
L2_CS,ROBOT 3,ROBOT
L1_CS,ROBOT 4,ROBOT
L2_CS,ROBOT 4,ROBOT
L1_CS,ROBOT 5,ROBOT
L2_CS,ROBOT 6,ROBOT
L1_ITW,INLET,RING SENSOR
L3_ITW,CORTADOR,RIEL
L2_ITW,SLM,REVISION DE CHILLER
L1_ITW,COOLING TOWER GWK,REVISION
L1_CS,FINE PEENER,REVISION
L1_ITW,COOLING TOWER GWK,RETRASO AL ARRANQUE
L1_CS,SHOT PEENER,RESPRTES ATORADOS
L1_CS,COOLING TANK,RESOTES ATORADOS
L1_CS,COLDSET,RESOTE ATORADO
L2_CS,COOLING TANK,RESORTES EN FONDO DE TANQUE
L2_CS,COOLING TANK,RESORTES ATORADOS Y DIVES
L1_CS,SHOT PEENER,RESORTES ATORADOS 2 EVENTOS
L1_CS,COLDSET,RESORTES ATORADOS
L1_CS,FINE PEENER,RESORTES ATORADOS
L2_CS,FINE PEENER,RESORTES ATORADOS
LT1,LOAD TEST,RESORTES ATORADOS
L2_CS,ROBOT 4,RESORTES ATORADOS
L1_CS,SHOT PEENER,RESORTES ATORADOS
L2_CS,SHOT PEENER,RESORTES ATORADOS
L1_CS,STRESS RELIEF OVEN,RESORTES ATORADOS
L1_CS,COOLING TANK,RESORTES ACUMULADOS
L1_CS,COLDSET,RESORTES
L2_CS,COLDSET,RESORTES
L1_CS,COOLING TANK,RESORTES
L2_CS,HOT SET,RESORTES
L1_CS,SHOT PEENER,RESORTES
L2_CS,COOLING TANK,RESORTE ATORADO Y SUCIEDAD
L1_CS,COOLING TANK,RESORTE ATORADO EN CHAROLA
L1_CS,COLDSET,RESORTE ATORADO
L2_CS,COLDSET,RESORTE ATORADO
L1_CS,COOLING TANK,RESORTE ATORADO
L2_CS,COOLING TANK,RESORTE ATORADO
L2_CS,FINE PEENER,RESORTE ATORADO
L1_CS,HOT SET,RESORTE ATORADO
L2_CS,HOT SET,RESORTE ATORADO
L1_CS,SHOT PEENER,RESORTE ATORADO
L2_CS,SHOT PEENER,RESORTE ATORADO
L1_CS,STRESS RELIEF OVEN,RESORTE ATORADO
L2_CS,STRESS RELIEF OVEN,RESORTE ATORADO
L2_CS,SHOT PEENER,RESORTE ATORAD
L1_CS,COOLING TANK,RESORTE
L2_CS,HOT SET,RESORTE
L1_CS,SHOT PEENER,RESORTE
L2_CS,SHOT PEENER,RESORTE
L1_CS,INLET,RESBALADILLAS
LT1,LOAD TEST,RESBALADILLA DE NYLAMID
L1_CS,SHOT PEENER,RESBALADILLA DE ENTRADA
L2_CS,COILING FMB01,RESBALADILLA COILING
L2_CS,COILING FMB01,RESBALADILLA
L1_CS,COILING FMB12,RESBALADILLA
L2_CS,COILING FMB46,RESBALADILLA
L1_CS,COILING FUL103,RESBALADILLA
L1_CS,SHOT PEENER,RESBALADILLA
L1_CS,SHOT PEENER,RESBALADILL
L1_CS,FINE PEENER,RELEVADOR SEGURIDAD
L2_ITW,COOLING TOWER GWK,RELEVADOR
L3_ITW,PLC/CONTROL,RELÉ DE SEGURIDAD
L1_CS,COOLING TANK,REGULADORES
L2_ITW,WINDER,REGULADOR DE PRESION
L2_CS,INLET,REGLETA DE PRESIÓN
L1_CS,SHOT PEENER DUST COLLECTOR,REDUCTOR
L2_CS,HOT SET,RED ROBOTS
L1_PINTURA,CABINA TOP COAT,RED PROFIBUS
L1_CS,COLDSET,RED PROFIBUS
L1_DL,DEFECTOMAT,RED PROFIBUS
L2_CS,LASER MARKING UNIT,RED PROFIBUS
LT2,LOAD TEST,RED PROFIBUS
L3_ITW,PLC/CONTROL,RED PROFIBUS
L2_CS,ROBOT 1,RED PROFIBUS
L2_CS,LASER MARKING UNIT,RED
LT2,LOAD TEST,RED
L1_PINTURA,CABINA TOP COAT,RECUPERADOT
L1_PINTURA,CABINA BASE COAT,RECIPROCADORES
L1_PINTURA,CABINA SINGLE COAT,RECIPROCADORES
L1_PINTURA,CABINA TOP COAT,RECIPROCADORES
L1_PINTURA,CABINA BASE COAT,RECIPROCADOR 2
L1_PINTURA,CABINA TOP COAT,RECIPROCADOR 1
L1_PINTURA,CABINA BASE COAT,RECIPROCADOR
L1_PINTURA,CABINA TOP COAT,RECIPROCADOR
L1_CS,COLDSET,RECETA
L2_CS,HOT SET,RECETA
L1_CS,STRESS RELIEF OVEN,RECETA
L1_CS,SHOT PEENER,REBALADILLA SALIDA
FACILITIES,Reparaciones,RAMPA 3 Y 4
L3_ITW,PLC/Control,QUENCHING
L1_CS,STRESS RELIEF OVEN,QUEMADORES ZONA 4
L2_CS,STRESS RELIEF OVEN,QUEMADORES ZONA 4
L1_CS,STRESS RELIEF OVEN,QUEMADORES ZONA 4
L1_CS,STRESS RELIEF OVEN,QUEMADORES ZONA 4
L2_CS,STRESS RELIEF OVEN,QUEMADORES ZONA 4
L2_CS,STRESS RELIEF OVEN,QUEMADORES ZONA 2
L2_CS,STRESS RELIEF OVEN,QUEMADORES ZONA 1
L1_CS,STRESS RELIEF OVEN,QUEMADORES ZONA 1
L2_CS,STRESS RELIEF OVEN,QUEMADORES ZONA 1
L1_CS,STRESS RELIEF OVEN,QUEMADORES ZONA 1
L1_CS,STRESS RELIEF OVEN,QUEMADOR ZONA 4
L2_CS,STRESS RELIEF OVEN,QUEMADOR ZONA 1
L1_CS,STRESS RELIEF OVEN,QUEMADOR ZONA 1
L2_CS,STRESS RELIEF OVEN,QUEMADOR 5
L1_PINTURA,CALDERA,QUEMADOR
L1_PINTURA,HORNO CURADO,QUEMADOR
L1_PINTURA,HORNO PRECALENTADO,QUEMADOR
L2_CS,COLDSET,PUSHERS DE POSICIONADORES
L1_CS,COLDSET,PUSHERS
L2_CS,HOT SET,PUSHERS
L2_CS,COLDSET,PUSHER
LT1,LOAD TEST,PUSHER
LT2,LOAD TEST,PUSHER
L3_ITW,HARDENING,PULIDORES
L2_ITW,INLET,PULIDOR
L1_DL,DRAWING,PULIDO DE TAMBOR
L2_CS,ROBOT 2,PUERTAS DE SEGURIDAD
L1_DL,SHOT PEENER,PUERTAS DE SEGURIDAD
L2_CS,LASER MARKING UNIT,PUERTAS
L1_CS,SHOT PEENER,PUERTAS
L1_CS,SHOT PEENER,PUERTA DE TABLERO
L1_CS,COLDSET,PUERTA DE SEGURIDAD
L1_CS,COOLING TANK,PUERTA DE SEGURIDAD
L1_DL,DRAWING,PUERTA DE SEGURIDAD
L1_CS,ROBOT 1,PUERTA DE SEGURIDAD
FACILITIES,Reparaciones,PUERTA DE ACCESO
L1_DL,GRINDING,PUERTA BUJE
LT2,LOAD TEST,PUERTA 5
L1_DL,SHOT PEENER,PUERTA 5
L2_CS,HOT SET,PUERTA 2
L1_DL,DRAWING,PUERTA
L2_CS,FINE PEENER,PUERTA
L1_DL,GRINDING,PUERTA
LT2,LOAD TEST,PUERTA
L1_DL,SHOT PEENER,PUERTA
L2_CS,SHOT PEENER,PRUEBAS DE ALMEN
L1_DL,DRAWING,PRUEBAS
L1_CS,ROBOT 5,PRUEBAS
FACILITIES,EQUIPOS,PROTOTIPO VGAGE
L2_CS,ROBOT 2,PROTECCION DE COLISION
L2_CS,ROBOT 6,PROGRAMACION
L1_CS,ROBOT 1,PROGRAMA
L2_ITW,TRAVERSER,PROGRAMA
L1_PINTURA,CABINA TOP COAT,PROFIBUS
L1_DL,GRINDING,PROFIBUS
L2_ITW,HARDENING,PROFIBUS
LT1,LOAD TEST,PROFIBUS
LT2,LOAD TEST,PROFIBUS
L2_ITW,PLC/CONTROL,PROFIBUS
L3_ITW,PLC/CONTROL,PROFIBUS
L2_ITW,SLM,PROFIBUS
L3_ITW,TEMPERING,PROFIBUS
L3_ITW,WINDER,PROFIBUS
L1_ITW,BENDING ROLLERS,PRIMER PAR DE RODILLOS
LT1,LOAD TEST,PREVENTIVO
LT2,LOAD TEST,PREVENTIVO
L2_CS,SHOT PEENER,PREVENTIVO
L2_CS,SHOT PEENER DUST COLLECTOR,PRESIÓN
L2_CS,SHOT PEENER DUST COLLECTOR,PRESION
L1_CS,COLDSET,PRESET UNIT 1
LT1,LOAD TEST,PRESET UNIT
L1_ITW,BENDING ROLLERS,PREBENDING ROLLERS
L2_ITW,BENDING ROLLERS,PREBENDING ROLLERS
L3_ITW,BENDING ROLLERS,PREBENDING ROLLERS
L1_CS,SHOT PEENER DUST COLLECTOR,PREALARMA
L1_CS,COLDSET,POSICONADOR
L1_ITW,TRAVERSER,POSICIONES
L2_CS,COLDSET,POSICIONADORES DE LA LASER
L1_CS,COLDSET,POSICIONADORES
L2_CS,COLDSET,POSICIONADORES
L1_CS,HOT SET,POSICIONADORES
L2_CS,HOT SET,POSICIONADORES
L2_CS,LASER MARKING UNIT,POSICIONADORES
L1_CS,HOT SET,POSICIONADOR LINEAL
L2_CS,COLDSET,POSICIONADOR DE LA LAZER
L2_CS,HOT SET,POSICIONADOR AXIAL
L2_CS,COLDSET,POSICIONADOR 1 DE LASER
L1_CS,COLDSET,POSICIONADOR
L2_CS,COLDSET,POSICIONADOR
L1_CS,HOT SET,POSICIONADOR
L2_CS,HOT SET,POSICIONADOR
L2_CS,ROBOT 2,POSICION INICIAL
L1_CS,COOLING TANK,POSICION DE TANQUE
L1_CS,ROBOT 3,POSICION DE ROBOT
L1_DL,DECOILER,POSICIÓN
L1_CS,ROBOT 2,POSICIÓN
L1_CS,ROBOT 4,POSICIÓN
L2_CS,ROBOT 6,POSICIÓN
L1_ITW,WINDER,POSICIÓN
L1_DL,BOCK POINTING MACHINE,POSICION
L1_DL,DECOILER,POSICION
L2_CS,ROBOT 1,POSICION
L1_CS,ROBOT 3,POSICION
L1_DL,SHOT PEENER DUST COLLECTOR,POLVO
L1_ITW,DRIVE ROLLERS 1,POLEA
L2_CS,INLET,POKAYOKE DE ETIQUETAS
L2_ITW,HARDENING,PLUG-IN HARDENING
L2_ITW,HARDENING,PLUG-IN
L2_ITW,HARDENING,PLUGIN
L2_ITW,PLC/CONTROL,PLUGIN
L1_DL,BOCK POINTING MACHINE,PLC/CONTROL
L1_PINTURA,CABINA BASE COAT,PLC/CONTROL
L2_CS,COILING FMB01,PLC/CONTROL
L1_CS,COILING FMB12,PLC/CONTROL
L2_CS,COILING FMB46,PLC/CONTROL
L1_CS,COLDSET,PLC/CONTROL
L2_CS,COLDSET,PLC/CONTROL
L1_PINTURA,CONVEYOR,PLC/CONTROL
L1_CS,COOLING TANK,PLC/CONTROL
L1_DL,DECOILER,PLC/CONTROL
L1_DL,DRAWING,PLC/CONTROL
L1_CS,FINE PEENER,PLC/CONTROL
L2_CS,FINE PEENER,PLC/CONTROL
L1_DL,GRINDING,PLC/CONTROL
L1_ITW,GWK CHILLER,PLC/CONTROL
L1_ITW,HARDENING,PLC/CONTROL
L2_ITW,HARDENING,PLC/CONTROL
L3_ITW,HARDENING,PLC/CONTROL
L1_CS,HOT SET,PLC/CONTROL
L2_CS,HOT SET,PLC/CONTROL
L1_CS,INLET,PLC/CONTROL
LT1,LOAD TEST,PLC/CONTROL
LT2,LOAD TEST,PLC/CONTROL
L1_CS,SHOT PEENER,PLC/CONTROL
L1_DL,SHOT PEENER,PLC/CONTROL
L2_CS,SHOT PEENER,PLC/CONTROL
L2_ITW,SLM,PLC/CONTROL
L1_CS,STRESS RELIEF OVEN,PLC/CONTROL
L2_CS,STRESS RELIEF OVEN,PLC/CONTROL
L1_ITW,TEMPERING,PLC/CONTROL
L2_ITW,TEMPERING,PLC/CONTROL
L3_ITW,TEMPERING,PLC/CONTROL
L3_ITW,WINDER,PLC/CONTROL
L2_CS,COLDSET,PLATO
LT1,LOAD TEST,PLATO
L2_CS,SHOT PEENER,PLACAS V
L1_CS,SHOT PEENER,PLACAS EN V
L1_CS,FINE PEENER,PLACAS DE TURBINAS
L1_DL,SHOT PEENER,PLACAS DE TURBINA
L1_ITW,HARDENING,PLACAS DE HARDENING
L1_DL,SHOT PEENER,PLACAS
L1_CS,SHOT PEENER,PLACA V
L2_CS,SHOT PEENER,PLACA V
L1_ITW,DRIVE ROLLERS 1,PLACA INFERIOR
LT2,LOAD TEST,PLACA DEL POSICIONADOR
L2_ITW,TEMPERING,PLACA DE TEMPERING
L1_ITW,BENDING ROLLERS,PLACA DE FLECHA
LT1,LOAD TEST,PLACA DE ENFRIAMIENTO DE DRIVES METRONIX
L1_ITW,HARDENING,PLACA DE ENFRIAMIENTO
L3_ITW,HARDENING,PLACA DE BANCO DE CAPACITORES
L1_ITW,HARDENING,PLACA DE BANCO
L1_ITW,HARDENING,PLACA BASE DE SERPENTINAS
L2_ITW,HARDENING,PLACA
L1_CS,SHOT PEENER,PLACA
L1_DL,SHOT PEENER,PLACA
L2_CS,SHOT PEENER,PLACA
L2_CS,COILING FMB01,PITCH
L1_CS,COILING FMB12,PITCH
L2_CS,COILING FMB46,PITCH
L1_CS,COILING FUL103,PITCH
L1_DL,GRINDING,PISTONES PARA LIJAR
L1_CS,COOLING TANK,PISTONES
LT2,LOAD TEST,PISTON DE RECHAZO
L2_CS,HOT SET,PISTON DE LAS PALETAS QUE ACOMODAN RESORTE
L2_ITW,WINDER,PISTON DE GUARDA
L1_DL,SHOT PEENER,PISTON DE DOSIFICACION
L1_CS,SHOT PEENER,PISTON DE DEDO DE ENTRADA
L1_CS,ROBOT 2,PISTON BRAZO
L1_ITW,BENDING ROLLERS,PISTÓN
L1_ITW,DRIVE ROLLERS 3,PISTÓN
L1_DL,GRINDING,PISTÓN
L1_CS,COILING FMB12,PISTON
L1_DL,DECOILER,PISTON
L1_CS,FINE PEENER,PISTON
L1_CS,HOT SET,PISTON
L1_CS,ROBOT 2,PISTON
L1_CS,ROBOT 3,PISTON
L1_PINTURA,CABINA SINGLE COAT,PISTOLAS
L1_PINTURA,CABINA TOP COAT,PISTOLAS
LT1,LOAD TEST,PISTOLAS
LT2,LOAD TEST,PISTOLAS
L1_PINTURA,CABINA TOP COAT,PISTOLA 13
L1_CS,SHOT PEENER,PISTAS CADENA DE ARRASTRE
L2_CS,HOT SET,PISADORES
LT1,LOAD TEST,PISADORES
L2_CS,HOT SET,PISADOR 2
LT1,LOAD TEST,PISADOR 2
L1_CS,COLDSET,PISADOR
L2_CS,COLDSET,PISADOR
L1_CS,HOT SET,PISADOR
L2_CS,HOT SET,PISADOR
LT1,LOAD TEST,PISADOR
LT2,LOAD TEST,PISADOR
L1_ITW,PLC/CONTROL,PIRÓMETRO HARDENING
L3_ITW,HARDENING,PIROMETRO DE QUENCHING
L2_ITW,HARDENING,PIRÓMETRO
L2_ITW,SLM,PIRÓMETRO
L3_ITW,HARDENING,PIROMETRO
L3_ITW,PLC/CONTROL,PIROMETRO
L2_ITW,SLM,PIROMETRO
L2_ITW,TEMPERING,PIROMETRO
L2_CS,ROBOT 2,PINZAS Y AJUSTE DE RIELES EN SHOTPEENER
LT1,LOAD TEST,PINZAS TRANSVERSAL
LT1,LOAD TEST,PINZAS TRANSPORTADORAS
LT2,LOAD TEST,PINZAS TRANSPORTADORAS
LT1,LOAD TEST,PINZAS
LT1,LOAD TEST,PINZA TRANSVERSAL
LT1,LOAD TEST,PINZA TRANSPORTE
LT2,LOAD TEST,PINZA TRANSPORTE
LT1,LOAD TEST,PINZA
LT2,LOAD TEST,PINZA
L2_CS,ROBOT 2,PINZA
L3_ITW,HARDENING,PICO DE VOLTAJE
L2_CS,COILING FMB01,PERNO
L1_CS,ROBOT 1,PENDANT
L1_DL,DRAWING,PEDAL DE TAMBOR
L2_CS,COILING FMB46,PEDAL
L1_DL,DRAWING,PEDAL
L2_ITW,WINDER,PEDAL
L3_ITW,WINDER,PEDAL
LT1,LOAD TEST,PC UPDATE
LT2,LOAD TEST,PC UPDATE
L2_CS,COILING FMB01,PC
L1_CS,COILING FMB12,PC
L2_CS,COILING FMB46,PC
L2_CS,LASER MARKING UNIT,PC
LT1,LOAD TEST,PC
FACILITIES,PLANTA,PATIO
FACILITIES,Reparaciones,PATIN
L1_DL,DRAWING,PASTILLA DE TENCION
L1_PINTURA,CONVEYOR,PASTILLA BOTADA
L1_PINTURA,CONVEYOR,PASTILLA
L1_DL,DRAWING,PASTILLA
L2_ITW,DRIVE ROLLERS 1,PARO EMERGENCIA
L2_CS,COILING FMB01,PARO DE EMERGENCIA
L1_CS,COILING FMB12,PARO DE EMERGENCIA
L2_CS,COILING FMB46,PARO DE EMERGENCIA
L2_CS,COLDSET,PARO DE EMERGENCIA
L1_ITW,DISC SAW,PARO DE EMERGENCIA
L1_DL,DRAWING,PARO DE EMERGENCIA
L1_ITW,HARDENING,PARO DE EMERGENCIA
L2_ITW,HARDENING,PARO DE EMERGENCIA
L2_CS,INLET,PARO DE EMERGENCIA
L2_CS,LASER MARKING UNIT,PARO DE EMERGENCIA
LT1,LOAD TEST,PARO DE EMERGENCIA
LT2,LOAD TEST,PARO DE EMERGENCIA
L1_ITW,PLC/CONTROL,PARO DE EMERGENCIA
L2_ITW,PLC/CONTROL,PARO DE EMERGENCIA
L3_ITW,PLC/CONTROL,PARO DE EMERGENCIA
L2_ITW,SLM,PARO DE EMERGENCIA
L2_CS,STRESS RELIEF OVEN,PARO DE EMERGENCIA
L1_CS,INLET,PARO
L3_ITW,WINDER,PARAMETROS DE VELOCIDAD
L1_ITW,TRAVERSER,PARAMETROS DE TRAVERSER
L1_PINTURA,CABINA TOP COAT,PARAMETROS DE GIRO Y VELOCIDAD
L1_DL,GRINDING,PARÁMETROS
L2_CS,LASER MARKING UNIT,PARÁMETROS
L1_CS,ROBOT 1,PARÁMETROS
L1_CS,STRESS RELIEF OVEN,PARÁMETROS
L2_ITW,DISC SAW,PARAMETROS
L1_ITW,DRIVE ROLLERS 3,PARAMETROS
LT1,LOAD TEST,PARAMETROS
L2_ITW,SLM,PARAMETROS
L3_ITW,HARDENING,PARAMETRO EN TABLERO DE CONTROL
L1_CS,STRESS RELIEF OVEN,PARAMETRO DE VELOCIDAD
L3_ITW,BENDING ROLLERS,PARÁMETRO
L1_ITW,COOLING TOWER GWK,PARADA LINEA
L2_CS,COILING FMB01,PANTALLA
L1_DL,GRINDING DUST COLLECTOR,PANTALLA
L1_CS,HOT SET,PANTALLA
L3_ITW,WINDER,PANEL WINDER
L1_DL,DRAWING,PANEL TÁCTIL
L1_ITW,WINDER,PANEL DE CONTROL
L1_CS,FINE PEENER,PANEL
L2_CS,HOT SET,PANEL
L2_CS,INLET,PANEL
L2_ITW,PLC/CONTROL,PANEL
L1_CS,STRESS RELIEF OVEN,PANEL
L1_ITW,WINDER,PANEL
L2_CS,COLDSET,PALETAS POSICIONADORAS
L2_CS,HOT SET,PALETAS POSICIONADORAS
L2_CS,HOT SET,PALETAS LOCALIZADORAS
LT1,LOAD TEST,PALETAS DE RECHAZO
L2_CS,COLDSET,PALETAS DE LOS POSICIONADORES PAR LA LASER
L1_CS,COLDSET,PALETAS
L2_CS,COLDSET,PALETAS
L2_CS,HOT SET,PALETAS
L1_DL,SHOT PEENER,PALETAS
L1_CS,COLDSET,PALETA POSICIONADORA
L2_CS,COLDSET,PALETA POSICIONADORA
L1_CS,HOT SET,PALETA DE POSICIONADOR
L1_CS,HOT SET,PALETA
L2_CS,HOT SET,PALETA
L1_DL,DRAWING,PALANCA DE VELOCIDAD
L1_DL,DRAWING,OVERHEAD ROLLERS
L1_DL,DRAWING,OVERHEAD MOTOR
L1_DL,DRAWING,OVERHEAD
L1_DL,DRAWING,OVER HEAD
L2_CS,ROBOT 2,O-RING
L2_CS,ROBOT 3,O-RING
L2_CS,ROBOT 2,ORING
L1_DL,ALIGNMENT ROLLERS,OPRESOR
L1_CS,COILING FMB12,NYLAMID
L1_DL,GRINDING,NO SE ACTIVAN LIJAS
L2_ITW,CIRCOGRAPH,NO ENTRA A PROGRAMA
L3_ITW,COOLING TOWER GWK,NIVELES
L1_ITW,COOLING TOWER GWK,NIVEL DE TANQUES
L2_ITW,COOLING TOWER GWK,NIVEL DE TANQUES
L3_ITW,COOLING TOWER GWK,NIVEL DE TANQUES
L2_ITW,COOLING TOWER GWK,NIVEL DE TANQUE
L2_CS,COOLING TANK,NIVEL DE SENSOR
L1_ITW,GWK CHILLER,NIVEL DE CHILLER
L1_CS,COOLING TANK,NIVEL DE AGUA
L2_CS,COOLING TANK,NIVEL DE AGUA
L1_ITW,COOLING TOWER GWK,NIVEL DE AGUA
L2_ITW,COOLING TOWER GWK,NIVEL DE AGUA
L3_ITW,COOLING TOWER GWK,NIVEL DE AGUA
L1_ITW,GWK CHILLER,NIVEL DE AGUA
L2_ITW,GWK CHILLER,NIVEL CHILLER
L1_CS,COOLING TANK,NIVEL BAJO
L1_CS,COOLING TANK,NIVEL AGUA
L2_CS,COOLING TANK,NIVEL AGUA
L1_ITW,COOLING TOWER GWK,NIVEL AGUA
L1_ITW,GWK CHILLER,NIVEL AGUA
L3_ITW,GWK CHILLER,NIVEL AGUA
L1_CS,COOLING TANK,NIVEL
L2_CS,COOLING TANK,NIVEL
L1_ITW,COOLING TOWER GWK,NIVEL
L1_ITW,GWK CHILLER,NIVEL
L3_ITW,GWK CHILLER,NIVEL
L3_ITW,BENDING ROLLERS,NEUMÁTICO
L1_CS,COLDSET,NEUMÁTICO
L3_ITW,DRIVE ROLLERS 3,NEUMÁTICO
L1_CS,HOT SET,NEUMÁTICO
L2_CS,SHOT PEENER DUST COLLECTOR,NEUMÁTICO
L1_PINTURA,CABINA BASE COAT,NEUMATICO
L1_CS,COLDSET,NEUMATICO
L2_CS,COLDSET,NEUMATICO
L1_CS,COOLING TANK,NEUMATICO
L2_CS,COOLING TANK,NEUMATICO
L1_DL,DEFECTOMAT,NEUMATICO
L1_ITW,DRIVE ROLLERS 1,NEUMATICO
L1_ITW,DRIVE ROLLERS 3,NEUMATICO
L3_ITW,DRIVE ROLLERS 3,NEUMATICO
L1_DL,GRINDING,NEUMATICO
L1_CS,HOT SET,NEUMATICO
L2_CS,HOT SET,NEUMATICO
L3_ITW,PLC/CONTROL,NEUMATICO
L1_CS,ROBOT 1,NEUMATICO
L2_CS,ROBOT 1,NEUMATICO
L1_CS,ROBOT 2,NEUMATICO
L2_CS,ROBOT 2,NEUMATICO
L1_CS,ROBOT 3,NEUMATICO
L2_CS,ROBOT 3,NEUMATICO
L1_CS,ROBOT 4,NEUMATICO
L2_CS,ROBOT 4,NEUMATICO
L1_CS,ROBOT 5,NEUMATICO
L2_CS,ROBOT 5,NEUMATICO
L2_CS,SHOT PEENER,NEUMATICO
L1_CS,SHOT PEENER DUST COLLECTOR,NEUMATICO
L3_ITW,WINDER,NEUMATICO
L2_CS,COLDSET,NEUMÁTICA
L2_CS,FINE PEENER,MUELLE DE EXTRACCION
L1_ITW,PLC/CONTROL,MTTO
L1_PINTURA,CONVEYOR,MOTRIZ 2
L1_PINTURA,CONVEYOR,MOTRIZ 1
L1_PINTURA,CONVEYOR,MOTRIZ
L1_PINTURA,CONVEYOR,MOTRICES
L1_CS,ROBOT 4,MOTORES
L2_CS,INLET,MOTOR SLIDER
L1_DL,ALIGNMENT ROLLERS,MOTOR RODILLOS DE ARRASTRE
L1_CS,HOT SET,MOTOR LOCALIZADOR
L2_CS,COILING FMB01,MOTOR HIDRÁULICO
L1_DL,SHOT PEENER DUST COLLECTOR,MOTOR ESCLUSA
L1_DL,DRAWING,MOTOR DEL SPIDER
L2_CS,COILING FMB01,MOTOR DEL HIDRAULICO
L1_DL,DECOILER,MOTOR DECOILER
L1_CS,SHOT PEENER DUST COLLECTOR,MOTOR DE VENTILADOR
L2_CS,SHOT PEENER DUST COLLECTOR,MOTOR DE VENTILADOR
L2_ITW,GWK CHILLER,MOTOR DE VAPORIZADORA
L1_DL,SHOT PEENER,MOTOR DE TURBINA 2
L1_CS,FINE PEENER DUST COLLECTOR,MOTOR DE SUCCION
L1_DL,DRAWING,MOTOR DE SPIDER
L1_CS,COLDSET,MOTOR DE LOCALIZADOR
L2_CS,COLDSET,MOTOR DE LOCALIZADOR
FACILITIES,EQUIPOS,MOTOR DE LOCALIZADOR
L2_CS,LASER MARKING UNIT,MOTOR DE LOCALIZADOR
L1_CS,FINE PEENER,"MOTOR DE ESCLUSA, COLECTOR DE POLVOS"
L1_DL,DECOILER,MOTOR DE DECOILER
L1_CS,STRESS RELIEF OVEN,MOTOR DE COMBUSTION
L1_DL,SHOT PEENER DUST COLLECTOR,MOTOR DE COLECTOR
L1_CS,STRESS RELIEF OVEN,MOTOR DE CADENA
L2_CS,STRESS RELIEF OVEN,MOTOR DE CADENA
L1_DL,SHOT PEENER DUST COLLECTOR,MOTOR COLECTOR
L2_CS,STRESS RELIEF OVEN,MOTOR CADENA DE HORNO
L1_CS,STRESS RELIEF OVEN,MOTOR CADENA
L2_CS,STRESS RELIEF OVEN,MOTOR CADENA
L3_ITW,BENDING ROLLERS,MOTOR 2 DE PRENDING
L2_ITW,DRIVE ROLLERS 1,MOTOR 2
L1_DL,ALIGNMENT ROLLERS,MOTOR
L1_ITW,BENDING ROLLERS,MOTOR
L2_ITW,BENDING ROLLERS,MOTOR
L3_ITW,BENDING ROLLERS,MOTOR
L1_PINTURA,CABINA BASE COAT,MOTOR
L3_ITW,CIRCOGRAPH,MOTOR
L1_ITW,COOLING TOWER GWK,MOTOR
L2_ITW,COOLING TOWER GWK,MOTOR
L3_ITW,COOLING TOWER GWK,MOTOR
L1_DL,DECOILER,MOTOR
L1_DL,DRAWING,MOTOR
L1_ITW,DRIVE ROLLERS 2,MOTOR
L1_PINTURA,HORNO PRECALENTADO,MOTOR
L1_PINTURA,HORNO SECADO,MOTOR
L1_CS,ROBOT 3,MOTOR
L1_DL,SHOT PEENER,MOTOR
L1_CS,SHOT PEENER DUST COLLECTOR,MOTOR
L1_DL,SHOT PEENER DUST COLLECTOR,MOTOR
L2_CS,SHOT PEENER DUST COLLECTOR,MOTOR
L2_CS,STRESS RELIEF OVEN,MOTOR
L1_ITW,WINDER,MORDAZA
L3_ITW,WINDER,MORDAZA
FACILITIES,EQUIPOS,MONTACARGAS
L2_CS,INLET,MONITOR SEGURIDAD
L1_ITW,DISC SAW,MONITOR DE SEGURIDAD
L1_PINTURA,CABINA TOP COAT,MODULOS REGULADORES
L1_PINTURA,CABINA TOP COAT,MODULOS DE PISTOLAS
L1_PINTURA,CABINA TOP COAT,MODULOS DE AIRE
LT2,LOAD TEST,MODULO DE VALVULAS
L1_CS,INLET,MODULO DE SENSOR
L1_DL,SHOT PEENER,MODULO DE SEGURIDAD
L2_CS,COOLING TANK,MODULO DE CONEXIONES
L3_ITW,GWK CHILLER,MOBMA EVAPORIZADORA
L1_DL,GRINDING,MICROMETROS
L1_DL,GRINDING,MICROMETRO 2
L1_DL,GRINDING,MICRÓMETRO
L1_DL,DEFECTOMAT,MESA DEFECTOMAT
L1_CS,COLDSET,MESA DE ELEVADORES
L1_DL,DEFECTOMAT,MESA DE DEFECTOMAT
L2_ITW,LABELING,MESA 1
L2_ITW,BENDING ROLLERS,MESA
L1_DL,DEFECTOMAT,MESA
L1_DL,DRAWING,MESA
L1_DL,GRINDING,MEDICIÓN LÁSER 2
L1_CS,SHOT PEENER,MEDIA LUNA
L1_DL,ALIGNMENT ROLLERS,MECANISMO AJUSTE
L1_DL,DRAWING,MASA DE RODILLOS OVERHEAD
LT2,LOAD TEST,MARCADORA
FACILITIES,EQUIPOS,MAQUINA ENDEREZADORA DE ITW
FACILITIES,EQUIPOS,MAQUINA ENDEREZADORA
FACILITIES,EQUIPOS,MAQUINA DE TENSION
FACILITIES,EQUIPOS,MAQUINA DE FATIGA
L1_DL,SHOT PEENER,MAQUINA
L1_CS,ROBOT 3,MANTENIMIENTO
L1_DL,BOCK POINTING MACHINE,MANÓMETRO
L1_DL,BOCK POINTING MACHINE,MANOMETRO
L3_ITW,GWK CHILLER,MANGUERAS TAPADAS
L3_ITW,TEMPERING,MANGUERAS DE SISTEMA DE ENFRIAMIENTO
L2_ITW,GWK CHILLER,MANGUERAS
L1_ITW,HARDENING,MANGUERAS
L2_ITW,HARDENING,MANGUERAS
L3_ITW,HARDENING,MANGUERAS
L2_CS,ROBOT 1,MANGUERAS
L2_CS,ROBOT 5,MANGUERAS
L3_ITW,TEMPERING,MANGUERAS
L2_CS,ROBOT 4,MANGUERA PORTACABLE
L1_PINTURA,CABINA TOP COAT,MANGUERA NEUMATICA
L2_CS,ROBOT 2,MANGUERA NEUMATICA
L2_CS,COILING FMB01,MANGUERA HIDRÁULICA
L1_ITW,COOLING TOWER GWK,MANGUERA HIDRAULICA
L3_ITW,DISC SAW,MANGUERA HIDRAULICA
L1_CS,SHOT PEENER,MANGUERA DE TURBINA DE SHOT PEN
L3_ITW,TEMPERING,MANGUERA 80.27
L1_PINTURA,CABINA SINGLE COAT,MANGUERA
L1_DL,DRAWING,MANGUERA
L1_ITW,HARDENING,MANGUERA
L2_ITW,HARDENING,MANGUERA
L2_CS,ROBOT 1,MANGUERA
L2_CS,ROBOT 2,MANGUERA
L3_ITW,TEMPERING,MANGUERA
L2_CS,COILING FMB01,MANDRIL
L1_CS,COILING FMB12,MANDRIL
L2_CS,COILING FMB46,MANDRIL
L2_ITW,DISC SAW,LUBRICACIÓN
L1_CS,ROBOT 3,LUBRICACIÓN
L2_CS,SHOT PEENER,LONGITUDINAL
L1_CS,COLDSET,LOCALIZADORES
L2_CS,COLDSET,LOCALIZADORES
L1_CS,HOT SET,LOCALIZADORES
L2_CS,HOT SET,LOCALIZADORES
LT1,LOAD TEST,LOCALIZADORES
LT2,LOAD TEST,LOCALIZADORES
L2_CS,COLDSET,LOCALIZADOR LASER
L1_CS,COLDSET,LOCALIZADOR 2
L2_CS,COLDSET,LOCALIZADOR 2
L1_CS,HOT SET,LOCALIZADOR 2
L1_CS,COLDSET,LOCALIZADOR #1
L2_CS,COLDSET,LOCALIZADOR #1
L1_CS,COLDSET,LOCALIZADOR
L2_CS,COLDSET,LOCALIZADOR
L1_CS,HOT SET,LOCALIZADOR
L2_CS,HOT SET,LOCALIZADOR
L2_CS,LASER MARKING UNIT,LOCALIZADOR
LT1,LOAD TEST,LOCALIZADOR
L1_CS,ROBOT 3,LOCALIZADOR
L1_ITW,GWK CHILLER,LLENADO
L1_PINTURA,ETAPA ENJUAGUE,LLAVE DE PASO
L1_ITW,COOLING TOWER GWK,LINEA DETENIDA
L2_CS,SHOT PEENER DUST COLLECTOR,LINEA 3
L2_ITW,CIRCOGRAPH,LIMPIEZA
L1_CS,COOLING TANK,LIMPIEZA
L3_ITW,GWK CHILLER,LIMPIEZA
L3_ITW,TRAVERSER,LIMITSWITCH
L2_ITW,WINDER,LIMIT SWITCH ACTIVADO
L2_ITW,CIRCOGRAPH,LIMIT SWITCH
L1_ITW,DISC SAW,LIMIT SWITCH
L2_ITW,TRAVERSER,LIMIT SWITCH
L1_ITW,WINDER,LIMIT SWITCH
L1_DL,GRINDING,LIJAS
L1_DL,DRAWING,LIJADO TAMBOR
L1_DL,GRINDING,LIJA
L2_CS,SHOT PEENER,LEVAS DE CADENA
L1_CS,HOT SET,LEVAS
L2_CS,HOT SET,LEVAS
LT2,LOAD TEST,LEVAS
L1_CS,SHOT PEENER,LEVAS
L2_CS,COLDSET,LEVA POSICIONADORA
L2_CS,HOT SET,LEVA POSICION COLDSET Y CILINDRO 2 HOTSET
L2_CS,HOT SET,LEVA NO EN POSICION
L2_CS,COLDSET,LEVA FUERA DE POSICION
L2_CS,SHOT PEENER,LEVA DE POSICIONAMIENTO COLDSET Y DEDO DE ARRASTRE
L2_CS,COLDSET,LEVA DE POSICIONAMIENTO
L2_CS,FINE PEENER,LEVA DE POSICIÓN
L2_CS,COLDSET,LEVA DE POSICION
L1_CS,STRESS RELIEF OVEN,LEVA DE POSICION
L2_CS,COLDSET,LEVA DE CONVEYOR
L1_CS,INLET,LEVA DE CONVEYOR
L1_CS,COLDSET,LEVA
L2_CS,COLDSET,LEVA
L2_CS,HOT SET,LEVA
L1_CS,INLET,LEVA
L2_CS,INLET,LEVA
LT1,LOAD TEST,LEVA
LT2,LOAD TEST,LEVA
L1_CS,SHOT PEENER,LEVA
L2_CS,STRESS RELIEF OVEN,LEVA
L2_CS,LASER MARKING UNIT,LETRERO
L1_CS,COILING FMB12,LECTOR DE ETIQUETAS
L2_CS,COLDSET,LASER MARKING UNIT
L1_CS,COLDSET,LASER
L2_CS,LASER MARKING UNIT,LASER
FACILITIES,Reparaciones,LAMPARA
LT1,LOAD TEST,KICKERS
L2_CS,HOT SET,KICKER 2
LT1,LOAD TEST,KICKER #1
LT1,LOAD TEST,KICKER
LT2,LOAD TEST,KICKER
L1_ITW,COOLING TOWER GWK,INTERRUPTOR PRINCIPAL
L2_ITW,COOLING TOWER GWK,INTERRUPTOR PRINCIPAL
L3_ITW,COOLING TOWER GWK,INTERRUPTOR PRINCIPAL
L1_DL,ALIGNMENT ROLLERS,INTERLOCK
L2_ITW,ALIGNMENT ROLLERS,INTERLOCK
L3_ITW,ALIGNMENT ROLLERS,INTERLOCK
L2_CS,COILING FMB01,INTERLOCK
L2_CS,COILING FMB46,INTERLOCK
L1_ITW,DISC SAW,INTERLOCK
L2_ITW,DISC SAW,INTERLOCK
L1_ITW,DRIVE ROLLERS 2,INTERLOCK
L2_ITW,DRIVE ROLLERS 2,INTERLOCK
L3_ITW,DRIVE ROLLERS 2,INTERLOCK
L1_ITW,DRIVE ROLLERS 3,INTERLOCK
L2_ITW,DRIVE ROLLERS 3,INTERLOCK
L1_CS,FINE PEENER,INTERLOCK
L1_ITW,PLC/CONTROL,INTERLOCK
L2_ITW,PLC/CONTROL,INTERLOCK
L3_ITW,PLC/CONTROL,INTERLOCK
L1_CS,SHOT PEENER,INTERLOCK
L2_CS,SHOT PEENER,INTERLOCK
L1_CS,SHOT PEENER DUST COLLECTOR,INTERLOCK
L2_ITW,TRAVERSER,INTERLOCK
L1_ITW,WINDER,INTERLOCK
FACILITIES,EQUIPOS,INTERCAMBIADOR DE CALOR
L1_PINTURA,ETAPA DESENGRASANTE,INTERCAMBIADOR DE CALOR
FACILITIES,SERVICIOS,INTERCAMBIADOR CALOR
L2_CS,COILING FMB46,INTERCAMBIADOR
L1_ITW,COOLING TOWER GWK,INTERCAMBIADOR
L2_ITW,GWK CHILLER,INTERCAMBIADOR
L3_ITW,GWK CHILLER,INTERCAMBIADOR
L2_ITW,HARDENING,INTERCAMBIADOR
L1_CS,FINE PEENER,INLET FINE PEENER
L2_CS,COILING FMB01,INLET
L2_CS,COILING FMB46,INLET
LT2,LOAD TEST,INLET
L3_ITW,HARDENING,INDUCTORES
L1_ITW,HARDENING,INDUCTOR
L2_ITW,SLM,INDUCTOR
L2_ITW,TEMPERING,INDUCCIÓN
LT2,LOAD TEST,IMPRESORA
L1_DL,DEFECTOMAT,ILUMINACIÓN
L2_ITW,TEMPERING,IGBT
L1_CS,COILING FMB12,HUSILLO
L2_ITW,HARDENING,HUMEDAD
FACILITIES,EQUIPOS,HORNO DE PRUEBAS
L1_CS,COILING FUL103,HORNO
L1_CS,STRESS RELIEF OVEN,HORNO
L2_CS,STRESS RELIEF OVEN,HORNO
L1_PINTURA,CABINA BASE COAT,HOPPER
L2_ITW,WINDER,HOLDER
L2_CS,COILING FMB01,HODRAULICO
L2_ITW,HARDENING,HIGH CURRENT
L2_CS,COILING FMB01,HIDRULICO
L2_CS,COILING FMB01,HIDRO
L1_DL,ALIGNMENT ROLLERS,HIDRÁULICO
L2_ITW,BENDING ROLLERS,HIDRÁULICO
L3_ITW,BENDING ROLLERS,HIDRÁULICO
L1_DL,BOCK POINTING MACHINE,HIDRÁULICO
L2_CS,COILING FMB01,HIDRÁULICO
L1_CS,COILING FMB12,HIDRÁULICO
L2_CS,COILING FMB46,HIDRÁULICO
L1_CS,COILING FUL103,HIDRÁULICO
L1_DL,DECOILER,HIDRÁULICO
L1_ITW,DISC SAW,HIDRÁULICO
L2_ITW,DISC SAW,HIDRÁULICO
L3_ITW,DISC SAW,HIDRÁULICO
L1_DL,DRAWING,HIDRÁULICO
L1_ITW,PLC/CONTROL,HIDRÁULICO
L1_ITW,TRAVERSER,HIDRÁULICO
L2_ITW,TRAVERSER,HIDRÁULICO
L1_ITW,WINDER,HIDRÁULICO
L2_ITW,WINDER,HIDRÁULICO
L2_CS,COILING FMB01,HERRAMIENTA/EQUIPOS
L1_CS,COILING FMB12,HERRAMIENTA/EQUIPOS
L2_CS,COILING FMB46,HERRAMIENTA/EQUIPOS
L1_CS,COLDSET,HERRAMIENTA/EQUIPOS
L2_CS,COLDSET,HERRAMIENTA/EQUIPOS
L1_DL,DRAWING,HERRAMIENTA/EQUIPOS
L1_CS,FINE PEENER,HERRAMIENTA/EQUIPOS
L2_CS,FINE PEENER,HERRAMIENTA/EQUIPOS
L1_CS,HOT SET,HERRAMIENTA/EQUIPOS
L2_CS,HOT SET,HERRAMIENTA/EQUIPOS
LT1,LOAD TEST,HERRAMIENTA/EQUIPOS
LT2,LOAD TEST,HERRAMIENTA/EQUIPOS
L1_CS,ROBOT 1,HERRAMIENTA/EQUIPOS
L2_CS,ROBOT 1,HERRAMIENTA/EQUIPOS
L1_CS,ROBOT 2,HERRAMIENTA/EQUIPOS
L2_CS,ROBOT 2,HERRAMIENTA/EQUIPOS
L1_CS,ROBOT 3,HERRAMIENTA/EQUIPOS
L2_CS,ROBOT 3,HERRAMIENTA/EQUIPOS
L1_CS,ROBOT 4,HERRAMIENTA/EQUIPOS
L2_CS,ROBOT 4,HERRAMIENTA/EQUIPOS
L1_CS,ROBOT 5,HERRAMIENTA/EQUIPOS
L2_CS,ROBOT 5,HERRAMIENTA/EQUIPOS
L2_CS,ROBOT 6,HERRAMIENTA/EQUIPOS
L1_CS,SHOT PEENER,HERRAMIENTA/EQUIPOS
L2_CS,SHOT PEENER,HERRAMIENTA/EQUIPOS
L2_CS,STRESS RELIEF OVEN,HERRAMIENTA/EQUIPOS
L1_ITW,INLET,HERRAMIENTA Y EQUIPOS
L1_CS,COILING FMB12,HERRAMENTAL
FACILITIES,Reparaciones,HEAT EXCHANGERS
L1_DL,DRAWING,HEAD ROLLERS
L1_ITW,HARDENING,HARDERING
L2_ITW,HARDENING,HARDERING
L3_ITW,HARDENING,HARDERING
L2_ITW,HARDENING,HARDENNG
L2_CS,COILING FMB46,HAND CONTROL
FACILITIES,SERVICIOS,GWK EXTERIOR
L2_ITW,HARDENING,GWK
L1_CS,COILING FMB12,GURDA DE ROLES
L2_CS,SHOT PEENER,GUIAS MANUALES EN LA ENTRADA DE SP
L1_CS,SHOT PEENER,GUIAS MAL AJUSTADAS. TORNILLO SIN FIN
L2_CS,SHOT PEENER,GUIAS INTERNAS
L2_CS,SHOT PEENER,GUIAS INTERIORES
L2_CS,FINE PEENER,GUÍAS
L1_CS,SHOT PEENER,GUÍAS
L2_CS,SHOT PEENER,GUÍAS
L1_CS,ROBOT 3,GUIAS
L1_CS,SHOT PEENER,GUIAS
L2_CS,SHOT PEENER,GUIAS
L1_CS,HOT SET,GUIA DE POSICIONADOR
L1_CS,COILING FMB12,GUIA DE DECOILER
L1_CS,COILING FMB12,GUIA DE ALAMBRE
L2_CS,COILING FMB46,GUIA ALAMBRE
L2_ITW,CIRCOGRAPH,GUÍA
L2_CS,SHOT PEENER,GUÍA
L2_CS,COILING FMB46,GUIA
L1_ITW,DRIVE ROLLERS 1,GUIA
L1_DL,SHOT PEENER,GUIA
L2_CS,SHOT PEENER,GUIA
L3_ITW,DRIVE ROLLERS 3,GUARDAS NEGRAS
L2_ITW,INLET,GUARDAS DE SEGURIDAD
L2_CS,COILING FMB01,GUARDAS DE PROTECCIÓN
L1_CS,COILING FMB12,GUARDAS DE PROTECCIÓN
L2_CS,COILING FMB46,GUARDAS DE PROTECCIÓN
L3_ITW,BENDING ROLLERS,GUARDAS
L1_DL,BOCK POINTING MACHINE,GUARDAS
L1_ITW,DRIVE ROLLERS 1,GUARDAS
L3_ITW,DRIVE ROLLERS 3,GUARDAS
FACILITIES,PLANTA,GUARDAS
L1_CS,COLDSET,GUARDAMOTOR
L1_DL,GRINDING,GUARDAMOTOR
L1_ITW,GWK CHILLER,GUARDAMOTOR
L3_ITW,HARDENING,GUARDAMOTOR
L1_CS,SHOT PEENER,GUARDAMOTOR
L2_ITW,WINDER,GUARDA Y PARÁMETROS
L1_CS,HOT SET,GUARDA SIN FIN
FACILITIES,Reparaciones,GUARDA EN SHOT-PEEN
L1_ITW,WINDER,GUARDA DE WINDER
L1_ITW,DRIVE ROLLERS 1,GUARDA DE SEGURIDAD
L2_ITW,DRIVE ROLLERS 3,GUARDA DE SEGURIDAD
FACILITIES,EQUIPOS,GUARDA DE SEGURIDAD
L2_ITW,PLC/CONTROL,GUARDA DE SEGURIDAD
L1_ITW,TEMPERING,GUARDA DE SEGURIDAD
L1_ITW,WINDER,GUARDA DE SEGURIDAD
L1_DL,ALIGNMENT ROLLERS,GUARDA
L1_ITW,ALIGNMENT ROLLERS,GUARDA
L3_ITW,ALIGNMENT ROLLERS,GUARDA
L1_DL,BOCK POINTING MACHINE,GUARDA
L1_CS,COILING FMB12,GUARDA
L2_CS,COLDSET,GUARDA
L2_ITW,DISC SAW,GUARDA
L1_ITW,DRIVE ROLLERS 1,GUARDA
FACILITIES,EQUIPOS,GUARDA
L1_DL,GRINDING,GUARDA
L3_ITW,HARDENING,GUARDA
L1_CS,HOT SET,GUARDA
L2_CS,INLET,GUARDA
L2_ITW,PLC/CONTROL,GUARDA
L3_ITW,PLC/CONTROL,GUARDA
L1_CS,STRESS RELIEF OVEN,GUARDA
L1_ITW,WINDER,GUARDA
L2_ITW,WINDER,GUARDA
L3_ITW,WINDER,GUARDA
L1_DL,DECOILER,GRÚA VIAJERA
FACILITIES,EQUIPOS,GRÚA VIAJERA
FACILITIES,EQUIPOS,GRUA HL
FACILITIES,EQUIPOS,GRUA EMBARQUES
FACILITIES,EQUIPOS,GRUA DL
FACILITIES,Reparaciones,GRÚA DE EMBARQUES
FACILITIES,EQUIPOS,GRUA CS
L1_CS,ROBOT 4,GRIPPERS.
LT2,LOAD TEST,GRIPPERS DE PINZAS TRANSPORTADORAS
L1_CS,ROBOT 2,GRIPPERS
L2_CS,ROBOT 2,GRIPPERS
L1_CS,ROBOT 3,GRIPPERS
L2_CS,ROBOT 3,GRIPPERS
L1_CS,ROBOT 4,GRIPPERS
L1_CS,ROBOT 5,GRIPPERS
L1_CS,ROBOT 3,GRIPPER X 4
L2_CS,COLDSET,GRIPPER
L2_CS,FINE PEENER,GRIPPER
L2_CS,HOT SET,GRIPPER
L1_CS,ROBOT 1,GRIPPER
L2_CS,ROBOT 1,GRIPPER
L1_CS,ROBOT 2,GRIPPER
L2_CS,ROBOT 2,GRIPPER
L1_CS,ROBOT 3,GRIPPER
L2_CS,ROBOT 3,GRIPPER
L1_CS,ROBOT 4,GRIPPER
L2_CS,ROBOT 4,GRIPPER
L1_CS,ROBOT 5,GRIPPER
L2_CS,ROBOT 5,GRIPPER
L1_CS,ROBOT 6,GRIPPER
L2_CS,ROBOT 6,GRIPPER
L2_CS,ROBOT 1,GRIPEPR
L1_DL,GRINDING,GRINDING 2
L1_DL,DRAWING,GRINDERS
L1_DL,GRINDING,GRINDERS
L1_ITW,DISC SAW,GRINDER
L2_ITW,DISC SAW,GRINDER
L1_ITW,PLC/CONTROL,GRINDER
L1_ITW,DISC SAW,GRASERA
L1_CS,ROBOT 2,GRASA
L1_CS,ROBOT 5,GRASA
L1_CS,SHOT PEENER,GRANALLA
L1_ITW,HARDENING,GENERATOR HARDENING
L1_ITW,HARDENING,GENERATOR
L2_ITW,HARDENING,GENERATOR
L3_ITW,HARDENING,GENERATOR
L2_ITW,SLM,GENERADOR SLM
L2_ITW,HARDENING,GENERADOR HARDERING
L1_ITW,HARDENING,GENERADOR HARDENING
L3_ITW,HARDENING,GENERADOR HARDENING
L3_ITW,HARDENING,GENERADOR HARDENIN
L1_ITW,HARDENING,GENERADOR DE HARDENING
L2_ITW,HARDENING,GENERADOR DE HARDENING
L3_ITW,HARDENING,GENERADOR DE HARDENING
L1_ITW,HARDENING,GENERADOR
L2_ITW,HARDENING,GENERADOR
L3_ITW,HARDENING,GENERADOR
L2_ITW,SLM,GENERADOR
L1_ITW,TEMPERING,GENERADOR
L2_ITW,TEMPERING,GENERADOR
L3_ITW,TEMPERING,GENERADOR
L2_ITW,BENDING ROLLERS,GEARBOX
L1_PINTURA,HORNO SECADO,GANCHERAS ATORADAS
L1_PINTURA,CONVEYOR,GANCHERAS
L1_PINTURA,ETAPA DESENGRASANTE,GANCHERAS
L1_PINTURA,ETAPA ENJUAGUE,GANCHERAS
L1_PINTURA,HORNO PRECALENTADO,GANCHERAS
L1_PINTURA,CONVEYOR,GANCHERA
LT1,LOAD TEST,GAGE
LT2,LOAD TEST,GAGE
L1_PINTURA,HORNO CURADO,GACHERAS
L1_ITW,HARDENING,GABINETE ELÉCTRICO
L2_CS,LASER MARKING UNIT,GABINETE ELECTRICO
L2_CS,ROBOT 4,GABINETE ELECTRICO
L2_CS,INLET,GABINETE DE CONTROL
L2_ITW,HARDENING,GABINETE DE CAPACITORES
L1_ITW,COOLING TOWER GWK,GABINETE
L1_DL,DRAWING,GABINETE
L1_DL,GRINDING,GABINETE
L1_ITW,HARDENING,GABINETE
L2_ITW,HARDENING,GABINETE
L3_ITW,HARDENING,GABINETE
L2_CS,LASER MARKING UNIT,GABINETE
L2_CS,ROBOT 2,GABINETE
L2_CS,ROBOT 3,GABINETE
L2_CS,ROBOT 5,GABINETE
L2_ITW,SLM,GABINETE
L1_ITW,GWK CHILLER,FUSIBLES
L2_CS,COILING FMB46,FUSIBLE
L1_DL,DRAWING,FUSIBLE
FACILITIES,GRUA CS,FUSIBLE
L1_DL,SHOT PEENER,FUGAS DE GRANALLA
L1_CS,SHOT PEENER,FUGAS
L1_CS,FINE PEENER,FUGA GRANALLA
L2_CS,FINE PEENER,FUGA GRANALLA
L1_CS,SHOT PEENER,FUGA GRANALLA
L1_DL,SHOT PEENER,FUGA GRANALLA
L2_CS,SHOT PEENER,FUGA GRANALLA
L2_CS,SHOT PEENER,FUGA GANALLA
L1_DL,DRAWING,FUGA DE HIDRAULICO
L2_CS,COILING FMB01,FUGA DE GRANALLA
L1_DL,SHOT PEENER,FUGA DE GRANALLA
LT1,LOAD TEST,FUGA DE AIRE
L2_ITW,COOLING TOWER GWK,FUGA DE AGUA
L1_ITW,HARDENING,FUGA AGUA
L2_CS,COILING FMB01,FUGA ACEITE
L1_CS,COILING FMB12,FUGA ACEITE
L3_ITW,COOLING TOWER GWK,FUGA
L1_ITW,GWK CHILLER,FUGA
L1_ITW,HARDENING,FUGA
L3_ITW,HARDENING,FUGA
L1_DL,SHOT PEENER,FUGA
L1_CS,COILING FUL103,FUENTE DC
L2_CS,SHOT PEENER,FRONTAL QUEBRADO
L1_DL,ALIGNMENT ROLLERS,FRENO
L1_DL,DECOILER,FRENO
L1_DL,DRAWING,FRENO
L1_CS,HOT SET,FRENO
L1_DL,SHOT PEENER,FRENO
L2_CS,STRESS RELIEF OVEN,FRENO
L1_CS,STRESS RELIEF OVEN,FOTOCELDAS SALIDA
L1_DL,DECOILER,FOSA
L2_CS,COILING FMB46,FORMA W
L2_CS,COILING FMB46,FORMA SUPERIOR EJE Y
L2_CS,COILING FMB46,FORMA SUPERIOR
L2_CS,COILING FMB01,FORMA P
L2_CS,COILING FMB01,FORMA INFERIOR
L1_CS,COILING FMB12,FORMA INFERIOR
L2_CS,COILING FMB46,FORMA INFERIOR
L2_ITW,COOLING TOWER GWK,FLUJÓMETROS
L2_ITW,HARDENING,FLUJOMETROS
L3_ITW,HARDENING,FLUJOMETROS
L1_ITW,COOLING ZONE 1,FLUJOMETRO
L1_ITW,COOLING ZONE 2,FLUJOMETRO
L2_ITW,HARDENING,FLUJOMETRO
L3_ITW,HARDENING,FLUJOMETRO
L1_ITW,GWK CHILLER,FLUJO EN BOBINAS
L1_ITW,HARDENING,FLUJO DE AGUA
L3_ITW,HARDENING,FLUJO DE AGUA
L1_ITW,GWK CHILLER,FLUJO AGUA
L3_ITW,GWK CHILLER,FLUJO AGUA
L1_ITW,HARDENING,FLUJO AGUA
L3_ITW,HARDENING,FLUJO AGUA
L1_ITW,GWK CHILLER,FLUJO
L2_ITW,GWK CHILLER,FLUJO
L3_ITW,GWK CHILLER,FLUJO
L1_ITW,HARDENING,FLUJO
L3_ITW,HARDENING,FLUJO
L1_ITW,TORRE GWK,FLUJO
L2_CS,ROBOT 1,FLR
L2_ITW,HARDENING,FLOJOMETRO/BANCO CAPACITORES
L1_ITW,DRIVE ROLLERS 3,FLECHAS Y BALEROS
L3_ITW,DRIVE ROLLERS 1,FLECHAS DRIVE ROLLERS
L1_ITW,DRIVE ROLLERS 3,FLECHAS DE DRIVE ROLLERS
L1_ITW,BENDING ROLLERS,FLECHAS
L2_ITW,BENDING ROLLERS,FLECHAS
L1_ITW,BENDING ROLLERS,FLECHA RODILLO 4
L3_ITW,BENDING ROLLERS,FLECHA RODILLO 1
L2_ITW,BENDING ROLLERS,FLECHA DE ROLLERS
L2_ITW,ALIGNMENT ROLLERS,FLECHA DE RODILLO DE ALINEACIÓN
L1_ITW,BENDING ROLLERS,FLECHA DE RODILLO
L1_ITW,DRIVE ROLLERS 1,FLECHA DE RODILLO
L2_ITW,DRIVE ROLLERS 1,FLECHA DE RODILLO
L3_ITW,DRIVE ROLLERS 1,FLECHA DE RODILLO
L1_ITW,DRIVE ROLLERS 2,FLECHA DE RODILLO
L1_ITW,DRIVE ROLLERS 3,FLECHA DE RODILLO
L2_ITW,DRIVE ROLLERS 3,FLECHA DE RODILLO
L3_ITW,DRIVE ROLLERS 3,FLECHA DE RODILLO
L1_ITW,BENDING ROLLERS,FLECHA DE PREBENDIG
L3_ITW,DRIVE ROLLERS 1,FLECHA DE DRIVE ROLLERS
L3_ITW,BENDING ROLLERS,FLECHA DE BENDING ROLLER
L3_ITW,BENDING ROLLERS,FLECHA DAÑADA
L3_ITW,DRIVE ROLLERS 3,FLECHA DAÑADA
L2_ITW,ALIGNMENT ROLLERS,FLECHA
L2_ITW,BENDING ROLLERS,FLECHA
L3_ITW,BENDING ROLLERS,FLECHA
L3_ITW,COOLING ZONE 1,FLECHA
L1_ITW,DRIVE ROLLERS 1,FLECHA
L3_ITW,DRIVE ROLLERS 1,FLECHA
L3_ITW,DRIVE ROLLERS 2,FLECHA
L1_ITW,DRIVE ROLLERS 3,FLECHA
L2_ITW,DRIVE ROLLERS 3,FLECHA
L3_ITW,DRIVE ROLLERS 3,FLECHA
L2_CS,ROBOT 4,FINAL DE MÁQUINA
L2_CS,SHOT PEENER,FINAL DE MÁQUINA
L2_CS,LASER MARKING UNIT,FILTROS SATURADOS
L1_DL,SHOT PEENER DUST COLLECTOR,FILTROS INFERIORES
L1_CS,SHOT PEENER,FILTROS DE SHOTPEEN
L1_CS,SHOT PEENER DUST COLLECTOR,FILTROS DE COLECTOR
L1_ITW,COOLING TOWER GWK,FILTROS
L2_ITW,COOLING TOWER GWK,FILTROS
L3_ITW,COOLING TOWER GWK,FILTROS
L1_DL,DUST COLLECTOR,FILTROS
L1_CS,FINE PEENER DUST COLLECTOR,FILTROS
L1_DL,GRINDING,FILTROS
L1_DL,GRINDING DUST COLLECTOR,FILTROS
L2_ITW,HARDENING,FILTROS
L2_CS,LASER MARKING UNIT,FILTROS
L1_CS,SHOT PEENER,FILTROS
L1_DL,SHOT PEENER,FILTROS
L2_CS,SHOT PEENER,FILTROS
L1_CS,SHOT PEENER DUST COLLECTOR,FILTROS
L1_DL,SHOT PEENER DUST COLLECTOR,FILTROS
L2_CS,SHOT PEENER DUST COLLECTOR,FILTROS
L2_ITW,SLM,FILTROS
L2_CS,COLDSET,FILTRO LAZER
L2_CS,SHOT PEENER,FILTRO DE SHOTPEEN
L1_ITW,COOLING ZONE 1,FILTRO
L2_CS,LASER MARKING UNIT,FILTRO
L1_CS,SHOT PEENER,FILTRO
L1_CS,SHOT PEENER DUST COLLECTOR,FILTRO
L1_ITW,TORRE GWK,FILTRO
L3_ITW,DRIVE ROLLERS 1,FELCHA Y BALEROS
L1_CS,COILING FMB46,FEEDER ROLLERS
L1_ITW,DISC SAW,FEED MOTOR
L2_CS,COILING FMB46,FED ROLL 1
L2_CS,COILING FMB46,FED ROL 1
L2_ITW,HARDENING,FAULT PROFIBUS
L1_ITW,COOLING TOWER GWK,FAULT COOLING WATER
L2_ITW,GWK CHILLER,FAULT CHILLER
L2_CS,SHOT PEENER,FALTA DE GRANALLA
L3_ITW,GWK CHILLER,FALTA DE AGUA
L3_ITW,BENDING ROLLERS,FALLA VELOCIDAD
L3_ITW,DRIVE ROLLERS 1,FALLA SELECTOR
L2_ITW,DISC SAW,FALLA RED
L1_PINTURA,CABINA TOP COAT,FALLA MODULO
L1_CS,HOT SET,FALLA INTERCONEXION
L1_ITW,DISC SAW,FALLA EN CORTADORA
L1_CS,COILING FUL103,FALLA ELECTRICA
L1_DL,DRAWING,FALLA ELECTRICA
L1_ITW,INLET,FALLA ELECTRICA
L1_DL,GRINDING,FALLA DONALDSON
L2_ITW,BENDING ROLLERS,FALLA DE VELOCIDAD
L1_CS,ROBOT 3,FALLA DE SOBRE VOLTAJE EN GABINETE ELECTRICO
L1_DL,SHOT PEENER,FALLA DE AMPERAJE
L2_CS,INLET,FALLA CORTINAS
L3_ITW,GWK CHILLER,FALLA BOMBA EVAPORADOR
L1_CS,COILING FMB12,FALLA BOBINA
L1_ITW,PLC/CONTROL,FALLA
L2_ITW,TEMPERING,FALLA
L1_DL,DRAWING,FACILITIES
L3_ITW,INLET,FACILITIES
FACILITIES,EQUIPOS,EXTRACTORES DE PLANTA
L2_CS,LASER MARKING UNIT,EXTRACTOR
L1_CS,SHOT PEENER,EXTRACTOR
L3_ITW,HARDENING,EXTERNAL CONTROL
L3_ITW,TEMPERING,EXTERNAL CONTROL
FACILITIES,EQUIPOS,EXTENSION ELECTRICA
L1_CS,SHOT PEENER DUST COLLECTOR,EXCLUSA
L2_ITW,GWK CHILLER,EVAPORADOR
L3_ITW,GWK CHILLER,EVAPORADOR
L2_ITW,CIRCOGRAPH,ETIQUETADORA
LT1,LOAD TEST,ETIQUETADORA
LT2,LOAD TEST,ETIQUETADORA
L1_CS,INLET,ETHERCAT
L2_CS,ROBOT 2,ESTRACTORES DE ROBOT
L1_DL,BOCK POINTING MACHINE,E-STOP
L2_CS,COILING FMB01,E-STOP
L1_CS,COILING FMB12,E-STOP
L2_CS,COILING FMB46,E-STOP
L1_CS,COILING FUL103,E-STOP
L1_DL,DEFECTOMAT,E-STOP
L2_ITW,DRIVE ROLLERS 2,E-STOP
L1_ITW,HARDENING,E-STOP
L2_ITW,HARDENING,E-STOP
L3_ITW,HARDENING,E-STOP
L1_ITW,INLET,E-STOP
L2_CS,INLET,E-STOP
L2_ITW,PLC/CONTROL,E-STOP
L1_CS,ROBOT 1,E-STOP
L1_CS,ROBOT 2,E-STOP
L1_CS,ROBOT 3,E-STOP
L2_CS,ROBOT 4,E-STOP
L1_CS,ROBOT 5,E-STOP
L2_CS,ROBOT 6,E-STOP
L1_PINTURA,CONVEYOR,ESTOP
L2_CS,HOT SET,ESTEACION DE ELEVACION
L2_CS,HOT SET,ESTACIÓN ELEVADORA
L2_CS,HOT SET,ESTACIÓN DE ELEVACIÓN 3
LT1,LOAD TEST,ESTACIÓN DE ELEVACIÓN 1
L1_CS,HOT SET,ESTACIÓN DE ELEVACIÓN
L2_CS,HOT SET,ESTACIÓN DE ELEVACIÓN
LT2,LOAD TEST,ESTACIÓN DE ELEVACIÓN
L2_CS,HOT SET,ESTACION DE ELEVACIÓN
L1_ITW,CIRCOGRAPH,ESPONJAS
L2_ITW,LABELING,ESPONJAS
L2_CS,LASER MARKING UNIT,ESPEJO
L1_PINTURA,CONVEYOR,ESLABONES
L1_PINTURA,CONVEYOR,ESLABON Y PERNO
L1_PINTURA,CONVEYOR,ESLABÓN
L1_CS,COOLING TANK,ESCUADRA
L1_CS,FINE PEENER DUST COLLECTOR,ESCLUSA
L2_CS,SHOT PEENER DUST COLLECTOR,ESCLUSA
LT1,LOAD TEST,ESCANNER
LT2,LOAD TEST,ESCANNER
LT1,LOAD TEST,ESCANER
LT2,LOAD TEST,ESCANER
L1_DL,ALIGNMENT ROLLERS,ESCALERA
L2_ITW,SLM,ERROR SLM
L1_CS,COLDSET,ERROR EJE X
L2_CS,LASER MARKING UNIT,ERROR
L1_DL,DECOILER,EQUIPOS
L1_CS,SHOT PEENER,ENTRADA
L1_DL,SHOT PEENER,ENTRADA
L2_CS,SHOT PEENER,ENTRADA
L1_DL,DRAWING,ENGRANE DE RODILLOS OVERHEAD
L2_CS,ROBOT 2,ENGRANE DE ACTUADOR DE PINZAS
L3_ITW,HARDENING,ENFRIAMIENTO
L1_CS,HOT SET,ENERGIA
FACILITIES,EQUIPOS,ENDEREZADORA CSW
L1_ITW,DRIVE ROLLERS 3,ENDEREZADORA
FACILITIES,EQUIPOS,ENDEREZADORA
L1_ITW,INLET,ENDEREZADORA
L1_ITW,DISC SAW,ENCODER Y SENSOR DE CORTE
L2_CS,COILING FMB46,ENCODER FEEDER ROLLERS
L2_CS,COLDSET,ENCODER DE ALTURA DE MÁQUINA
L1_ITW,BENDING ROLLERS,ENCODER
L2_ITW,CIRCOGRAPH,ENCODER
L2_CS,COILING FMB01,ENCODER
L1_CS,COILING FMB12,ENCODER
L2_CS,COILING FMB46,ENCODER
L1_DL,DEFECTOMAT,ENCODER
L1_ITW,DISC SAW,ENCODER
L2_ITW,DISC SAW,ENCODER
L1_DL,DRAWING,ENCODER
L1_ITW,TRAVERSER,ENCODER
L2_ITW,TRAVERSER,ENCODER
L2_ITW,WINDER,ENCODER
LT1,LOAD TEST,EMPUJADORES
LT2,LOAD TEST,EMPUJADORES
L1_CS,COILING FUL103,EMPAQUE DE SOLENOIDE
L1_CS,HOT SET,ELEVADORES DE PRESET
L2_CS,HOT SET,ELEVADORES DE PRESET
L1_CS,COLDSET,ELEVADORES
L2_CS,COLDSET,ELEVADORES
L1_CS,COOLING TANK,ELEVADORES
L2_CS,COOLING TANK,ELEVADORES
L1_CS,HOT SET,ELEVADORES
L2_CS,HOT SET,ELEVADORES
L2_CS,LASER MARKING UNIT,ELEVADORES
LT1,LOAD TEST,ELEVADORES
LT2,LOAD TEST,ELEVADORES
L1_CS,FINE PEENER,ELEVADOR DE CANGILONES
L2_CS,FINE PEENER,ELEVADOR DE CANGILONES
L1_DL,SHOT PEENER,ELEVADOR DE CANGILONES
L1_CS,SHOT PEENER,ELEVADOR DE CANGILONES
L2_CS,SHOT PEENER,ELEVADOR DE CANGILONES
L1_DL,SHOT PEENER,ELEVADOR DE CAGILLONES
L2_CS,HOT SET,ELEVADOR 2
L2_CS,LASER MARKING UNIT,ELEVADOR 2
L2_CS,HOT SET,ELEVADOR #3
L2_CS,COLDSET,ELEVADOR
L2_CS,COOLING TANK,ELEVADOR
L1_CS,HOT SET,ELEVADOR
L2_CS,HOT SET,ELEVADOR
L2_CS,LASER MARKING UNIT,ELEVADOR
LT1,LOAD TEST,ELEVADOR
L2_CS,COOLING TANK,ELECTROVALVULAS
L2_CS,ROBOT 4,ELECTRONICA ROBOT
L1_CS,INLET,ELECTRODUCTO
L1_ITW,CIRCOGRAPH,ELECTRICO
L2_CS,FINE PEENER,ELECTRICO
L1_ITW,HARDENING,ELECTRICO
L3_ITW,HARDENING,ELECTRICO
LT1,LOAD TEST,ELECTRICO
L2_CS,ROBOT 1,ELECTRICO
L1_CS,SHOT PEENER,ELECTRICO
FACILITIES,Suministro Electricidad,ELECTRICIDAD A SB
L1_PINTURA,CALDERA,ELECTRICIDAD
L2_CS,COILING FMB01,ELECTRICIDAD
L1_CS,COILING FMB12,ELECTRICIDAD
L2_CS,COILING FMB46,ELECTRICIDAD
L2_ITW,HARDENING,ELECTRICIDAD
L1_CS,COLDSET,EJES DE PRESETEO
L2_CS,COLDSET,EJES DE PRESET
L2_CS,COILING FMB46,EJE Z (PITCH ARM)
L1_CS,COILING FMB01,EJE Z
L2_CS,COILING FMB01,EJE Z
L1_CS,COILING FMB12,EJE Z
L2_CS,COILING FMB46,EJE Z
L1_CS,COLDSET,EJE Z
LT1,LOAD TEST,EJE Z
L1_PINTURA,CABINA TOP COAT,EJE Y
L2_CS,COILING FMB01,EJE Y
L1_CS,COILING FMB12,EJE Y
L2_CS,COILING FMB46,EJE Y
L2_CS,COILING FMB01,EJE W Y Y
L2_CS,COILING FMB01,EJE W
L1_CS,COILING FMB12,EJE W
L2_CS,COILING FMB46,EJE W
L2_CS,COILING FMB01,EJE V
L1_CS,COILING FMB12,EJE V
L2_CS,COILING FMB46,EJE V
L1_CS,ROBOT 1,EJE U
L2_CS,ROBOT 5,EJE U
L2_CS,ROBOT 2,EJE T
L2_CS,ROBOT 5,EJE T
LT2,LOAD TEST,EJE PRESET 2
L1_CS,COLDSET,EJE PRESET
L2_CS,COLDSET,EJE PRESET
L1_CS,HOT SET,EJE PRESET
L2_CS,HOT SET,EJE PRESET
LT1,LOAD TEST,EJE PRESET
LT2,LOAD TEST,EJE PRESET
L2_CS,COILING FMB01,EJE P
L2_CS,COILING FMB01,EJE O
L1_CS,COILING FMB12,EJE O
L2_CS,COILING FMB46,EJE O
L1_CS,ROBOT 3,EJE L
L1_CS,ROBOT 4,EJE L
L1_CS,ROBOT 5,EJE L
L2_CS,COLDSET,EJE DEFORMACIÓN 1
L2_CS,COLDSET,EJE DE PRESET
L2_CS,COLDSET,EJE DE DEFORMACIÓN
L1_CS,HOT SET,EJE DE DEFORMACION
LT1,LOAD TEST,EJE DE COMPROBACION
L1_DL,DEFECTOMAT,EJE DE ALINEACIÓN
L2_CS,COILING FMB01,EJE C
L1_CS,COILING FMB12,EJE C
L2_CS,COILING FMB46,EJE C
L2_CS,ROBOT 2,EJE B
L2_CS,ROBOT 4,EJE B
L1_CS,COILING FMB12,EJE 1
L1_CS,ROBOT 4,"EJE ""L"""
L1_CS,FINE PEENER DUST COLLECTOR,DUST COLLECTOR
L1_CS,SHOT PEENER DUST COLLECTOR,DUST COLLECTOR
L2_CS,SHOT PEENER DUST COLLECTOR,DUST COLLECTOR
L1_CS,COOLING TANK,DUCTOS DE SUMINISTRO
L2_CS,ROBOT 1,DROP POSITION
L2_CS,COILING FMB01,DRIVES
L1_CS,COILING FMB12,DRIVES
L2_CS,COILING FMB46,DRIVES
LT1,LOAD TEST,DRIVES
L2_ITW,PLC/CONTROL,DRIVES
L1_CS,STRESS RELIEF OVEN,DRIVES
L2_CS,STRESS RELIEF OVEN,DRIVES
L1_ITW,TRAVERSER,DRIVES
L1_CS,COILING FUL103,DRIVERS
L1_ITW,DRIVE ROLLERS 1,DRIVER ROLL ZONA 1
LT1,LOAD TEST,DRIVE UNIDAD COMPROBACIÓN
L1_ITW,DRIVE ROLLERS 3,DRIVE ROLLERS 4
L2_ITW,DRIVE ROLLERS 3,DRIVE ROLLERS 4
L2_ITW,BENDING ROLLERS,DRIVE ROLLERS
L2_CS,COILING FMB46,DRIVE ROLLERS
L2_ITW,DRIVE ROLLERS 1,DRIVE ROLLERS
L3_ITW,DRIVE ROLLERS 1,DRIVE ROLLERS
L3_ITW,DRIVE ROLLERS 2,DRIVE ROLLERS
L1_ITW,DRIVE ROLLERS 3,DRIVE ROLLERS
L2_ITW,DRIVE ROLLERS 3,DRIVE ROLLERS
L3_ITW,DRIVE ROLLERS 3,DRIVE ROLLERS
L2_ITW,DISC SAW,DRIVE LENZE
L2_CS,COILING FMB46,DRIVE INDRAMAT
L1_CS,SHOT PEENER,DRIVE HORNO
L1_CS,COLDSET,DRIVE EJE Z1
L2_ITW,DRIVE ROLLERS 1,DRIVE DE MOTOR 2
L1_DL,ALIGNMENT ROLLERS,DRIVE
L1_ITW,BENDING ROLLERS,DRIVE
L2_ITW,BENDING ROLLERS,DRIVE
L3_ITW,BENDING ROLLERS,DRIVE
L1_PINTURA,CABINA BASE COAT,DRIVE
L2_CS,COILING FMB01,DRIVE
L2_CS,COILING FMB46,DRIVE
L1_CS,COILING FUL103,DRIVE
L1_CS,COLDSET,DRIVE
L2_CS,COLDSET,DRIVE
L1_ITW,DISC SAW,DRIVE
L2_ITW,DISC SAW,DRIVE
L1_DL,DRAWING,DRIVE
L2_ITW,DRIVE ROLLERS 1,DRIVE
L3_ITW,DRIVE ROLLERS 1,DRIVE
L1_ITW,DRIVE ROLLERS 2,DRIVE
L2_ITW,DRIVE ROLLERS 2,DRIVE
L1_ITW,DRIVE ROLLERS 3,DRIVE
L2_ITW,DRIVE ROLLERS 3,DRIVE
L3_ITW,DRIVE ROLLERS 3,DRIVE
L1_CS,HOT SET,DRIVE
LT1,LOAD TEST,DRIVE
L1_CS,STRESS RELIEF OVEN,DRIVE
L2_CS,STRESS RELIEF OVEN,DRIVE
L2_ITW,TRAVERSER,DRIVE
L2_ITW,WINDER,DRIVE
L3_ITW,WINDER,DRIVE
L2_CS,FINE PEENER,DOSIFICADORES
L1_CS,SHOT PEENER,DOSIFICADORES
L2_CS,SHOT PEENER,DOSIFICADORES
L2_ITW,INLET,DOSIFICADOR
L1_CS,SHOT PEENER,DOSIFICADOR
L1_DL,SHOT PEENER,DOSIFICADOR
L1_DL,SHOT PEENER,DOSIFICACIONES
L1_CS,FINE PEENER,DOSIFICACIÓN
L1_CS,SHOT PEENER,DOSIFICACIÓN
L1_DL,SHOT PEENER,DOSIFICACIÓN
L2_CS,SHOT PEENER,DOSIFICACIÓN
L1_CS,SHOT PEENER,DOSIFICACION
L1_DL,SHOT PEENER,DOSIFICACION
L1_CS,SHOT PEENER,DISPOSITIVO DE SALIDA
L1_CS,SHOT PEENER,DISPOSITIVO DE ENTRADA 1
L1_CS,FINE PEENER,DISPOSITIVO DE CARGA
L1_CS,SHOT PEENER,DISPOSITIVO DE CARGA
L2_ITW,DISC SAW,DISCOS
L1_DL,DECOILER,DISCO GIRATORIO
L1_ITW,DISC SAW,DISCO
L2_ITW,DISC SAW,DISCO
L1_CS,FINE PEENER DUST COLLECTOR,DIAFRAGMA
L2_CS,COILING FMB01,DEVANADERA
L2_CS,SHOT PEENER DUST COLLECTOR,DETECTOR DE HUMO
L2_CS,LASER MARKING UNIT,DESVIO BANDEJA
L1_ITW,HARDENING,DESVIACION DE VOLTAJE
L3_ITW,HARDENING,DESVIACION DE VOLTAJE
L1_ITW,HARDENING,DESVIACION DE VOLTAJE
L2_ITW,HARDENING,DESVIACION DE VOLTAJE
L3_ITW,HARDENING,DESVIACION DE VOLTAJE
L1_CS,ROBOT 1,DESPLAZAMIENTO
L1_CS,COILING FMB12,DESLIZADOR DE RESORTES
L2_ITW,BENDING ROLLERS,DESGASTE EN COMPONENTES MECANICOS
L1_CS,COOLING TANK,DESCONOCIDA
L1_CS,SHOT PEENER,DEDOS SALIDA
L1_CS,SHOT PEENER,DEDOS ENTRADA
L1_CS,FINE PEENER,DEDOS DE SALIDA
L1_CS,FINE PEENER,DEDOS DE ENTRADA
L1_CS,SHOT PEENER,DEDOS DE DESCARGA
L1_CS,SHOT PEENER,DEDOS DE CARGA
L2_CS,SHOT PEENER,DEDOS DE ARRASTRE
L1_CS,SHOT PEENER,DEDOS
L2_CS,SHOT PEENER,DEDOS
L1_CS,SHOT PEENER,DEDO DE SALIDA
L1_CS,SHOT PEENER,DEDO DE ENTRADA A SHOT PEENER
L1_CS,SHOT PEENER,DEDO DE ENTRADA
L1_CS,FINE PEENER,DEDO DE DESCARGA
L1_CS,SHOT PEENER,DEDO DE DESCARGA
L1_CS,FINE PEENER,DEDO DE CARGA
L1_CS,SHOT PEENER,DEDO DE CARGA
L2_CS,SHOT PEENER,DEDO DE CARGA
L1_CS,FINE PEENER,DEDO DE CADENA DE ARRASTRE
L2_CS,FINE PEENER,DEDO DE CADENA DE ARRASTRE
L1_CS,SHOT PEENER,DEDO DE CADENA DE ARRASTRE
L2_CS,SHOT PEENER,DEDO DE CADENA DE ARRASTRE
L2_CS,SHOT PEENER,DEDO DE CADENA
L1_CS,HOT SET,DEDO DE ARRASTRE
L2_CS,SHOT PEENER,DEDO DE ARRASTRE
L2_CS,SHOT PEENER,DEDO
L2_CS,COILING FMB01,DECOILER
L1_CS,COILING FMB12,DECOILER
L2_CS,COILING FMB46,DECOILER
L1_CS,COILING FUL103,DECOILER
L1_DL,DRAWING,DECOILER
L1_ITW,INLET,DECOILER
L2_ITW,INLET,DECOILER
L3_ITW,INLET,DECOILER
LT2,LOAD TEST,DECOILER
L2_CS,COILING FMB01,DCOILER
L1_CS,COILING FMB12,DAÑO DISCO DURO
L2_CS,COILING FMB46,DAÑO DISCO DURO
L3_ITW,GWK CHILLER,DAÑO COMPRESOR
L1_DL,DRAWING,DADO
L2_ITW,HARDENING,CURRENT LIMIT
L1_CS,SHOT PEENER,CUÑERO
L1_DL,ALIGNMENT ROLLERS,CUÑA
L2_CS,COOLING TANK,CUCHARAS
L1_DL,DECOILER,CUBIERTA
L1_ITW,HARDENING,CRISTALES Y SERPENTINA
L1_CS,ROBOT 1,CREMALLERA
L1_CS,ROBOT 2,CREMALLERA
L2_CS,ROBOT 2,CREMALLERA
L2_CS,COILING FMB01,CPU
L1_CS,COILING FMB12,CPU
L2_CS,COILING FMB46,CPU
L2_CS,COLDSET,COVEYOR
L2_CS,HOT SET,COVEYOR
L1_CS,INLET,COVEYOR
L1_CS,SHOT PEENER,COVEYOR
L2_CS,STRESS RELIEF OVEN,COTINAS DE SALIDA
L1_ITW,HARDENING,CORTO CIRCUITO
L2_ITW,HARDENING,CORTO CIRCUITO
L3_ITW,HARDENING,CORTO CIRCUITO
L1_CS,ROBOT 3,CORTO CIRCUITO
L1_CS,SHOT PEENER,CORTO CIRCUITO
L1_ITW,TEMPERING,CORTO CIRCUITO
L2_ITW,TEMPERING,CORTO CIRCUITO
L3_ITW,TEMPERING,CORTO CIRCUITO
L2_CS,COOLING TANK,CORTO
L1_CS,STRESS RELIEF OVEN,CORTINAS SALIDA
L1_CS,STRESS RELIEF OVEN,CORTINAS HORNO
L1_CS,FINE PEENER,CORTINAS DE SALIDA
L1_CS,STRESS RELIEF OVEN,CORTINAS DE SALIDA
L2_CS,STRESS RELIEF OVEN,CORTINAS DE SALIDA
L2_CS,SHOT PEENER,CORTINAS DE PROTECCION
L1_CS,STRESS RELIEF OVEN,CORTINAS DE HORNO
L1_CS,FINE PEENER,CORTINAS
L1_CS,HOT SET,CORTINAS
L1_CS,INLET,CORTINAS
L2_CS,LASER MARKING UNIT,CORTINAS
L1_CS,SHOT PEENER,CORTINAS
L1_CS,STRESS RELIEF OVEN,CORTINAS
L2_CS,STRESS RELIEF OVEN,CORTINAS
L1_CS,STRESS RELIEF OVEN,CORTINA SALIDA DEL HORNO
FACILITIES,EQUIPOS,CORTINA RAMPA 2
L1_CS,STRESS RELIEF OVEN,CORTINA DE SALIDA
FACILITIES,Reparaciones,CORTINA DE RAMPA #3
L1_CS,SHOT PEENER,CORTINA DE NEOPRENO EN SALIDA
FACILITIES,Reparaciones,CORTINA 3 EMBARQUES
FACILITIES,Suministro Electricidad,CORTE DE ENERGIA
L1_ITW,DISC SAW,CORTADORA PARO
FACILITIES,EQUIPOS,CORTADORA DE LABORATORIO
L1_ITW,DISC SAW,CORTADORA
L2_ITW,DISC SAW,CORTADORA
L3_ITW,DISC SAW,CORTADORA
L1_ITW,DRIVE ROLLERS 3,CORTADORA
L1_ITW,TRAVERSER,CORTADORA
L2_ITW,TRAVERSER,CORTADORA
L1_ITW,WINDER,CORTADORA
L2_CS,COILING FMB01,CORTADOR
L1_CS,COILING FMB12,CORTADOR
L2_CS,COILING FMB46,CORTADOR
L1_CS,COILING FUL103,CORTADOR
L1_ITW,DISC SAW,CORTADOR
L2_ITW,DISC SAW,CORTADOR
L1_ITW,TRAVERSER,CORTADOR
L3_ITW,HARDENING,CORRIENTE
L1_PINTURA,CABINA SINGLE COAT,COPLEE
L3_ITW,BENDING ROLLERS,COPLE DE SERVOMOTOR
L1_PINTURA,CABINA SINGLE COAT,COPLE DE ENCODER
L2_ITW,BENDING ROLLERS,COPLE
L3_ITW,BENDING ROLLERS,COPLE
L1_ITW,COOLING TOWER GWK,COOLING WATER FAULT
L1_ITW,COOLING TOWER GWK,COOLING WATER
L3_ITW,COOLING TOWER GWK,COOLING WATER
L3_ITW,COOLING ZONE 1,COOLING WATER
L1_ITW,HARDENING,COOLING WATER
L3_ITW,HARDENING,COOLING WATER
FACILITIES,SUMINISTRO ELECTRICIDAD,COOLING TOWER
L1_ITW,COOLING TOWER GWK,COOLING TANK
L2_ITW,COOLING TOWER GWK,COOLING TANK
L3_ITW,COOLING TOWER GWK,COOLING TANK
L2_ITW,HARDENING,COOLING PLATE
L1_CS,FINE PEENER,CONVEYOR SALIDA
L2_CS,FINE PEENER,CONVEYOR SALIDA
L1_CS,SHOT PEENER,CONVEYOR SALIDA
L2_CS,SHOT PEENER,CONVEYOR SALIDA
L1_CS,FINE PEENER,CONVEYOR ENTRADA
L2_CS,FINE PEENER,CONVEYOR ENTRADA
L1_CS,SHOT PEENER,CONVEYOR ENTRADA
L2_CS,SHOT PEENER,CONVEYOR ENTRADA
L1_CS,SHOT PEENER,CONVEYOR DE SALIDA
L1_PINTURA,CONVEYOR,CONVEYOR DAÑADO
LT1,LOAD TEST,CONVEYOR CARGAS BAJAS
L2_CS,COILING FMB01,CONVEYOR
L1_CS,COILING FMB12,CONVEYOR
L2_CS,COILING FMB46,CONVEYOR
L1_CS,COLDSET,CONVEYOR
L2_CS,COLDSET,CONVEYOR
L1_CS,COOLING TANK,CONVEYOR
L1_CS,FINE PEENER,CONVEYOR
L2_CS,FINE PEENER,CONVEYOR
L1_PINTURA,HORNO CURADO,CONVEYOR
L1_CS,HOT SET,CONVEYOR
L2_CS,HOT SET,CONVEYOR
L1_CS,INLET,CONVEYOR
L2_CS,INLET,CONVEYOR
L2_CS,LASER MARKING UNIT,CONVEYOR
LT1,LOAD TEST,CONVEYOR
LT2,LOAD TEST,CONVEYOR
L1_CS,ROBOT 2,CONVEYOR
L2_CS,ROBOT 2,CONVEYOR
L1_CS,SHOT PEENER,CONVEYOR
L2_CS,SHOT PEENER,CONVEYOR
L1_CS,STRESS RELIEF OVEN,CONVEYOR
L2_CS,STRESS RELIEF OVEN,CONVEYOR
L2_CS,HOT SET,CONVETYOR
L1_CS,ROBOT 3,CONVERTIDOR DE VOLTAJE
L1_CS,ROBOT 3,CONTROLADOR
L2_CS,ROBOT 3,CONTROLADOR
L2_ITW,BENDING ROLLERS,CONTROL VELOCIDAD
L1_DL,ALIGNMENT ROLLERS,CONTROL RODILLOS DE ARRASTRE
L2_CS,SHOT PEENER DUST COLLECTOR,CONTROL PRESIÓN
L1_DL,DECOILER,CONTROL MANUAL
L2_CS,STRESS RELIEF OVEN,CONTROL DE TEMPERATURA
L1_PINTURA,HORNO SECADO,CONTROL DE QUEMADORES
L3_ITW,LABELING,CONTROL DE MOTOR A PASOS
L1_DL,ALIGNMENT ROLLERS,CONTROL DE ARRASTRE
L1_DL,DECOILER,CONTROL DE ARRASTRE
L1_DL,GUIDE ROLLERS,CONTROL DE ARRASTRE
L1_DL,SHOT PEENER,CONTROL DE ARRASTRE
L2_ITW,HARDENING,CONTROL BOARD
L1_CS,ROBOT 3,CONTROL AUTOMATICO
L2_ITW,SLM,CONTROL AUTOMATICO
L1_DL,DECOILER,CONTROL ARRASTRE
L1_DL,ALIGNMENT ROLLERS,CONTROL
L1_DL,BOCK POINTING MACHINE,CONTROL
L3_ITW,CIRCOGRAPH,CONTROL
L2_CS,COILING FMB01,CONTROL
L1_CS,COILING FMB12,CONTROL
L2_CS,COILING FMB46,CONTROL
L1_CS,COILING FUL103,CONTROL
L1_ITW,COOLING TOWER GWK,CONTROL
L2_ITW,COOLING TOWER GWK,CONTROL
L3_ITW,COOLING TOWER GWK,CONTROL
L2_ITW,COOLING ZONE 2,CONTROL
L1_DL,DECOILER,CONTROL
L1_ITW,DISC SAW,CONTROL
L1_DL,DRAWING,CONTROL
L1_DL,GRINDING,CONTROL
L1_DL,GRINDING DUST COLLECTOR,CONTROL
FACILITIES,Grua Embarques,CONTROL
L1_DL,GUIDE ROLLERS,CONTROL
L1_ITW,GWK CHILLER,CONTROL
L3_ITW,HARDENING,CONTROL
L1_PINTURA,HORNO CURADO,CONTROL
L1_CS,INLET,CONTROL
L1_ITW,INLET,CONTROL
L2_CS,INLET,CONTROL
L2_CS,LASER MARKING UNIT,CONTROL
L2_ITW,PLC/CONTROL,CONTROL
L1_CS,ROBOT 1,CONTROL
L2_CS,ROBOT 1,CONTROL
L2_CS,ROBOT 2,CONTROL
L1_CS,ROBOT 3,CONTROL
L2_CS,ROBOT 3,CONTROL
L1_CS,ROBOT 4,CONTROL
L2_CS,ROBOT 4,CONTROL
L2_ITW,SLM,CONTROL
L1_ITW,TEMPERING,CONTROL
L2_ITW,WINDER,CONTROL
L3_ITW,WINDER,CONTROL
L1_CS,COLDSET,CONTRASOPORTE Z2
L2_CS,COLDSET,CONTRASOPORTE Z2
L1_CS,COLDSET,CONTRASOPORTE Z1
L2_CS,HOT SET,CONTRASOPORTE Z1
L2_CS,COLDSET,CONTRASOPORTE Z1
L1_CS,HOT SET,CONTRASOPORTE Z1
L1_CS,COLDSET,CONTRASOPORTE X
L2_CS,HOT SET,CONTRASOPORTE X
LT1,LOAD TEST,CONTRASOPORTE X
L2_CS,COLDSET,CONTRASOPORTE X
L1_CS,HOT SET,CONTRASOPORTE X
LT2,LOAD TEST,CONTRASOPORTE X
L2_CS,COLDSET,CONTRASOPORTE LASER
L1_CS,HOT SET,CONTRASOPORTE EJE X
LT2,LOAD TEST,CONTRASOPORTE DE LOCALIZADORES
FACILITIES,EQUIPOS,CONTENEDOR DE TRAPOS
L1_CS,FINE PEENER,CONTACTOS DE GUARDAMOTOR
L1_DL,SHOT PEENER,CONTACTORES Y CONEXIONES
L3_ITW,PLC/CONTROL,CONTACTORES
L1_ITW,COOLING TOWER GWK,CONTACTOR GWK
L3_ITW,GWK CHILLER,CONTACTOR DE COMPRESOR 1
L1_ITW,HARDENING,CONTACTOR DAÑADO
L1_ITW,GWK CHILLER,CONTACTOR CHILLER
L1_ITW,COOLING TOWER GWK,CONTACTOR
L2_ITW,COOLING TOWER GWK,CONTACTOR
L1_ITW,COOLING ZONE 1,CONTACTOR
L2_ITW,DISC SAW,CONTACTOR
L1_ITW,DRIVE ROLLERS 2,CONTACTOR
L3_ITW,HARDENING,CONTACTOR
L2_ITW,INLET,CONTACTOR
L3_ITW,PLC/CONTROL,CONTACTOR
FACILITIES,Reparaciones,CONTACTO ELECTRICO
L2_ITW,SLM,CONTACTO DE BOBINA
L1_DL,SHOT PEENER,CONOS
L1_DL,SHOT PEENER,CONO DE SHOTPEEN
L1_DL,SHOT PEENER,CONO DE ENTRADA
L1_DL,SHOT PEENER,CONO (BAZUCA)
L1_DL,SHOT PEENER,CONO
L2_ITW,DISC SAW,CONFIGURACIÓN
L1_CS,ROBOT 1,CONEXIONES ELECTRICAS
L2_CS,ROBOT 1,CONEXIONES ELECTRICAS
L1_CS,ROBOT 2,CONEXIONES ELECTRICAS
L2_CS,ROBOT 2,CONEXIONES ELECTRICAS
L1_CS,ROBOT 3,CONEXIONES ELECTRICAS
L2_CS,ROBOT 3,CONEXIONES ELECTRICAS
L1_CS,ROBOT 4,CONEXIONES ELECTRICAS
L2_CS,ROBOT 4,CONEXIONES ELECTRICAS
L1_CS,ROBOT 5,CONEXIONES ELECTRICAS
L2_CS,ROBOT 5,CONEXIONES ELECTRICAS
L2_CS,ROBOT 6,CONEXIONES ELECTRICAS
L3_ITW,BENDING ROLLERS,CONEXION DE SERVO
L2_CS,COILING FMB01,CONEXIÓN DE AIRE
L1_CS,COLDSET,CONEXIÓN DE AIRE
L1_ITW,HARDENING,CONEXION
L1_CS,INLET,CONEVEYOR
L1_DL,GRINDING,CONECTOR PROFIBUS
L3_ITW,INLET,CONECTOR NEUMATICO
FACILITIES,EQUIPOS,CONECTOR DE TOMA CORRIENTE
L3_ITW,BENDING ROLLERS,CONECTOR
L2_ITW,SLM,CONDICIONES DE ARRANQUE
L2_ITW,BENDING ROLLERS,COMUNICACION SERVO
L2_CS,COILING FMB01,COMUNICACIÓN
L2_CS,COILING FMB46,COMUNICACIÓN
L1_CS,SHOT PEENER,COMUNICACIÓN
L1_CS,ROBOT 3,COMUNICACION
L3_ITW,TEMPERING,COMUNICACION
L1_PINTURA,PLC/CONTROL,COMPUTADORA CENTRAL
L2_CS,COILING FMB01,COMPUTADORA
L2_CS,COILING FMB46,COMPUTADORA
L2_CS,LASER MARKING UNIT,COMPUTADORA
L1_DL,GRINDING,COMPUERTAS DE EXTRACCION
FACILITIES,EQUIPOS,COMPRESORES
L1_ITW,GWK CHILLER,COMPRESORES
L2_ITW,GWK CHILLER,COMPRESORES
L3_ITW,GWK CHILLER,COMPRESORES
FACILITIES,SERVICIOS,COMPRESORES
L3_ITW,GWK CHILLER,COMPRESOR 1
L2_ITW,GWK CHILLER,COMPRESOR
L3_ITW,GWK CHILLER,COMPRESOR
L3_ITW,PLC/CONTROL,COMPRESOR
L2_ITW,SLM,COMPRESOR
L3_ITW,TEMPERING,COMPONENTE IGBT
L2_CS,ROBOT 4,COLISIONES
L1_CS,ROBOT 2,COLISION X3
L1_CS,ROBOT 3,COLISION X2
L2_CS,FINE PEENER,COLISIÓN
L1_CS,ROBOT 1,COLISIÓN
L2_CS,ROBOT 1,COLISIÓN
L1_CS,ROBOT 2,COLISIÓN
L2_CS,ROBOT 2,COLISIÓN
L1_CS,ROBOT 3,COLISIÓN
L2_CS,ROBOT 3,COLISIÓN
L1_CS,ROBOT 4,COLISIÓN
L2_CS,ROBOT 4,COLISIÓN
L1_CS,ROBOT 5,COLISIÓN
L2_CS,ROBOT 5,COLISIÓN
L2_CS,ROBOT 6,COLISIÓN
L1_CS,COLDSET,COLISION
L2_CS,COOLING TANK,COLISION
L2_CS,FINE PEENER,COLISION
L1_CS,ROBOT 1,COLISION
L2_CS,ROBOT 1,COLISION
L1_CS,ROBOT 2,COLISION
L2_CS,ROBOT 2,COLISION
L1_CS,ROBOT 3,COLISION
L2_CS,ROBOT 3,COLISION
L1_CS,ROBOT 4,COLISION
L2_CS,ROBOT 4,COLISION
L1_CS,ROBOT 5,COLISION
L2_CS,ROBOT 5,COLISION
L2_CS,ROBOT 6,COLISION
L1_DL,SHOT PEENER DUST COLLECTOR,COLECTORES
L2_CS,FINE PEENER,COLECTOR DE POLVO
L1_CS,SHOT PEENER DUST COLLECTOR,COLECTOR DE POLVO
L1_DL,SHOT PEENER DUST COLLECTOR,COLECTOR DE LA GRINDER
L1_DL,GRINDING,COLECTOR
L1_CS,SHOT PEENER,COLECTOR
L2_CS,SHOT PEENER,COLECTOR
L1_ITW,HARDENING,COIL TOUCH
L3_ITW,HARDENING,COIL TOUCH
L2_ITW,SLM,COIL TOUCH
L2_CS,FINE PEENER DUST COLLECTOR,COELCTORES FINE Y SHOT PEENER
L1_CS,FINE PEENER,CLUTCH
L1_CS,SHOT PEENER,CLUTCH
L2_ITW,DISC SAW,CLAVIJA
L1_ITW,DISC SAW,CLAMP
L2_ITW,DISC SAW,CLAMP
L1_ITW,PLC/CONTROL,CIRCUITO DE SEGURIDAD
L1_CS,COLDSET,CINTA TRANSPORTADORA
L2_CS,Inlet,CINTA TRANSPORTADORA
LT1,LOAD TEST,CINTA CLASE 1
L2_CS,HOT SET,CILINDROS DE PRESET
L1_CS,HOT SET,CILINDROS
L1_DL,GRINDING,CILINDRO NEUMÁTICO
L1_CS,ROBOT 1,CILINDRO NEUMÁTICO
L2_CS,ROBOT 1,CILINDRO NEUMÁTICO
L1_CS,ROBOT 2,CILINDRO NEUMÁTICO
L2_CS,ROBOT 2,CILINDRO NEUMÁTICO
L1_CS,ROBOT 3,CILINDRO NEUMÁTICO
L2_CS,ROBOT 3,CILINDRO NEUMÁTICO
L1_CS,ROBOT 4,CILINDRO NEUMÁTICO
L1_CS,ROBOT 5,CILINDRO NEUMÁTICO
L2_CS,ROBOT 5,CILINDRO NEUMÁTICO
L1_ITW,DRIVE ROLLERS 3,CILINDRO NEUMATICO
L2_CS,HOT SET,CILINDRO DE TORQUE
L1_ITW,WINDER,CILINDRO DE STOP
LT1,LOAD TEST,CILINDRO DE RECHAZO
L1_CS,HOT SET,CILINDRO DE PRESET 1
L2_CS,ROBOT 3,CILINDRO DE POSICION
L2_CS,ROBOT 2,CILINDRO DE GRIPPERS
LT2,LOAD TEST,CILINDRO DE COMPROBACIÓN
L2_CS,HOT SET,CILINDRO DE AJUSTE
LT1,LOAD TEST,CILINDRO 2
LT2,LOAD TEST,CILINDRO 2
L1_CS,HOT SET,CILINDRO 1
LT2,LOAD TEST,CILINDRO 1
L1_CS,HOT SET,CILINDRO #2
L1_CS,HOT SET,CILINDRO
LT1,LOAD TEST,CILINDRO
L1_DL,GRINDING,CILIDROS TENSORES
L1_CS,ROBOT 4,CICLO
L1_CS,SHOT PEENER,CHUMACERA
L2_ITW,COOLING TOWER GWK,CHILLER GWK
L2_ITW,COOLING TOWER GWK,CHILLER
L1_ITW,GWK CHILLER,CHILLER
L2_ITW,GWK CHILLER,CHILLER
L3_ITW,GWK CHILLER,CHILLER
L1_ITW,HARDENING,CHILLER
L2_ITW,HARDENING,CHILLER
L3_ITW,HARDENING,CHILLER
L2_ITW,SLM,CHILLER
L1_CS,COOLING TANK,CHAROLAS OBSTRUIDAS
L1_CS,COOLING TANK,CHAROLAS ATORADAS
L1_CS,COOLING TANK,CHAROLAS 3/4
L1_CS,COOLING TANK,CHAROLAS
L2_CS,COOLING TANK,CHAROLAS
L1_CS,FINE PEENER,CHAROLAS
L1_CS,STRESS RELIEF OVEN,CHAROLAS
L2_CS,STRESS RELIEF OVEN,CHAROLAS
L1_CS,COOLING TANK,CHAROLA Y BRAZO DE TANQUE DE ENFRIAMIENTO
L2_CS,STRESS RELIEF OVEN,CHAROLA DOBLADA
L2_CS,HOT SET,CHAROLA DE HORNO Y TORNILLOS LEVA
L2_CS,STRESS RELIEF OVEN,CHAROLA DAÑADA
L2_CS,COOLING TANK,CHAROLA 5
L1_CS,COOLING TANK,CHAROLA 3
L1_CS,COOLING TANK,CHAROLA
L2_CS,COOLING TANK,CHAROLA
L1_CS,ROBOT 1,CHAROLA
L1_CS,ROBOT 2,CHAROLA
L2_CS,ROBOT 2,CHAROLA
L1_CS,ROBOT 3,CHAROLA
L2_CS,ROBOT 3,CHAROLA
L1_CS,ROBOT 4,CHAROLA
L1_CS,SHOT PEENER,CHAROLA
L1_CS,STRESS RELIEF OVEN,CHAROLA
L2_CS,STRESS RELIEF OVEN,CHAROLA
L1_DL,SHOT PEENER,CEPILLO
L2_CS,STRESS RELIEF OVEN,CELDAS DE SALIDA
L2_CS,HOT SET,CELDAS DE CARGA
L2_CS,HOT SET,CELDA DE CARGA 2
LT1,LOAD TEST,CELDA DE CARGA 1
LT1,LOAD TEST,CELDA DE CARGA / DRIVE
L1_CS,COLDSET,CELDA DE CARGA
L1_CS,HOT SET,CELDA DE CARGA
L2_CS,HOT SET,CELDA DE CARGA
LT1,LOAD TEST,CELDA DE CARGA
LT2,LOAD TEST,CELDA DE CARGA
L1_CS,COLDSET,CELDA CARGA
L2_CS,COLDSET,CELDA CARGA
L2_ITW,COOLING TOWER GWK,CEDAZOS
L1_ITW,GWK CHILLER,CEDAZOS
L2_ITW,GWK CHILLER,CEDAZOS
L2_ITW,HARDENING,CEDAZOS
L3_ITW,HARDENING,CEDAZOS
L2_ITW,SLM,CEDAZOS
L2_ITW,HARDENING,CEDAZO Y FLUJOMETROS
L1_DL,DRAWING,CEDAZO
L1_ITW,GWK CHILLER,CEDAZO
L3_ITW,GWK CHILLER,CEDAZO
L1_ITW,HARDENING,CEDAZO
L2_ITW,HARDENING,CEDAZO
L3_ITW,HARDENING,CEDAZO
L2_ITW,SLM,CEDAZO
L2_ITW,TEMPERING,CEDAZO
L3_ITW,TEMPERING,CEDAZO
L2_CS,STRESS RELIEF OVEN,CARTINA DE ENTRADA
L1_PINTURA,CONVEYOR,CARROS DE MOTRIZ
LT2,LOAD TEST,CARRO DE SCRAP
L1_CS,COILING FMB12,CAPOTA
L3_ITW,HARDENING,CAPACITORES
L2_ITW,SLM,CAPACITORES
L3_ITW,HARDENING,CAPACITOR
L2_ITW,SLM,CAPACITOR
L1_DL,SHOT PEENER,CAÑON DE ENTRADA
L2_CS,FINE PEENER,CANGILONES
L2_ITW,DRIVE ROLLERS 1,CANDADO DE SEGURIDAD
L1_CS,COILING FMB12,CANALETA
L1_CS,SHOT PEENER,CAMPANAS
L1_DL,SHOT PEENER,CAMPANA
L2_CS,COILING FMB01,CAMBIO DE MANDRIL
L1_CS,COILING FMB12,CAMBIO DE MANDRIL
L2_CS,COILING FMB46,CAMBIO DE MANDRIL
L1_ITW,GWK CHILLER,CAMBIO DE CHILLER
L2_ITW,GWK CHILLER,CAMBIO DE CHILLER
L3_ITW,GWK CHILLER,CAMBIO DE CHILLER
L3_ITW,GWK CHILLER,CAMBIO CHILLER
LT1,LOAD TEST,CAMARAS DE VISION
LT2,LOAD TEST,CÁMARAS
LT1,LOAD TEST,CAMARAS
LT1,LOAD TEST,CÁMARA
LT2,LOAD TEST,CÁMARA
LT1,LOAD TEST,CAMARA
LT2,LOAD TEST,CAMARA
L1_ITW,DRIVE ROLLERS 2,CAJA SUJETADORA
L1_DL,DRAWING,CAJA JABON
L1_CS,COILING FMB12,CAJA DEL MANDRIL
L2_CS,COILING FMB46,CAJA DE MANDRIL
L1_CS,COILING FUL103,CAJA DE MANDRIL
L1_DL,DRAWING,CAJA DE JABON
L1_ITW,HARDENING,CAJA DE CAPACITORES
L2_ITW,HARDENING,CAJA DE CAPACITORES
LT2,LOAD TEST,CAJA
L3_ITW,WINDER,CADENA WINDER
L1_DL,DRAWING,CADENA PARA ESTIRAR ALAMBRE
L1_DL,DRAWING,CADENA OVERHEAD ROLLERS
L1_DL,DRAWING,CADENA OVER HEAD
L2_CS,STRESS RELIEF OVEN,CADENA HORNO
L2_CS,SHOT PEENER,CADENA ENCODER
L1_DL,DRAWING,CADENA DEL TAMBOR
L1_CS,STRESS RELIEF OVEN,CADENA DEL HORNO
L1_ITW,WINDER,CADENA DE WINDER
L2_ITW,WINDER,CADENA DE WINDER
L1_ITW,WINDER,CADENA DE TRANSMISION
L2_CS,FINE PEENER,CADENA DE RODILLOS
L2_CS,FINE PEENER,CADENA DE RODILLO
L1_CS,STRESS RELIEF OVEN,CADENA DE HORNO
L1_CS,FINE PEENER,CADENA DE ENTRADA A FINE PEENER
L1_CS,FINE PEENER,CADENA DE ARRASTREE
L1_DL,DRAWING,CADENA DE ARRASTRE
L1_CS,FINE PEENER,CADENA DE ARRASTRE
L2_CS,FINE PEENER,CADENA DE ARRASTRE
L1_CS,SHOT PEENER,CADENA DE ARRASTRE
L2_CS,SHOT PEENER,CADENA DE ARRASTRE
L1_CS,STRESS RELIEF OVEN,CADENA DE ARRASTRE
L2_CS,STRESS RELIEF OVEN,CADENA DE ARRASTRE
L1_CS,STRESS RELIEF OVEN,CADENA DE ARRAASTRE
L1_DL,ALIGNMENT ROLLERS,CADENA ARRASTRE
L1_CS,FINE PEENER,CADENA ARRASTRE
L2_CS,FINE PEENER,CADENA ARRASTRE
L1_CS,SHOT PEENER,CADENA ARRASTRE
L2_CS,SHOT PEENER,CADENA ARRASTRE
L1_PINTURA,CONVEYOR,CADENA
L1_DL,DRAWING,CADENA
L1_CS,FINE PEENER,CADENA
L2_CS,FINE PEENER,CADENA
L1_PINTURA,HORNO PRECALENTADO,CADENA
L1_ITW,INLET,CADENA
L2_CS,INLET,CADENA
L1_CS,STRESS RELIEF OVEN,CADENA
L2_CS,STRESS RELIEF OVEN,CADENA
L1_ITW,WINDER,CADENA
L2_ITW,WINDER,CADENA
L3_ITW,WINDER,CADENA
L2_ITW,DISC SAW,CABLEADO DAÑADO
L2_ITW,BENDING ROLLERS,CABLEADO
L1_CS,COILING FUL103,CABLEADO
L1_ITW,DISC SAW,CABLEADO
LT1,LOAD TEST,CABLEADO
L1_CS,ROBOT 1,CABLEADO
L2_CS,ROBOT 1,CABLEADO
L1_CS,ROBOT 2,CABLEADO
L2_CS,ROBOT 2,CABLEADO
L2_CS,ROBOT 3,CABLEADO
L1_CS,ROBOT 4,CABLEADO
L2_CS,ROBOT 4,CABLEADO
L1_CS,ROBOT 5,CABLEADO
L2_CS,ROBOT 5,CABLEADO
L2_CS,STRESS RELIEF OVEN,CABLEADO
L1_CS,COLDSET,CABLE MOTOR
FACILITIES,GRUA CS,CABLE
L2_ITW,HARDENING,CABLE
L1_PINTURA,CABINA TOP COAT,CABINA POLVO
L1_CS,ROBOT 1,CABEZAL
L2_CS,ROBOT 1,CABEZAL
L1_CS,ROBOT 2,CABEZAL
L2_CS,ROBOT 2,CABEZAL
L1_CS,ROBOT 3,CABEZAL
L2_CS,ROBOT 3,CABEZAL
L1_CS,ROBOT 4,CABEZAL
L2_CS,ROBOT 4,CABEZAL
L1_CS,ROBOT 5,CABEZAL
L2_CS,ROBOT 5,CABEZAL
LT1,LOAD TEST,BYGAGE
L1_CS,FINE PEENER,BUMPER
L1_CS,COILING FMB12,BUJE
L1_DL,DEFECTOMAT,BUJE
L1_DL,GRINDING,BUJE
L1_CS,SHOT PEENER,BUCKET ELEVATOR
L2_ITW,INLET,BRUSHMOTOR
L2_ITW,INLET,BRUSH MOTOR
L2_ITW,HARDENING,BREAKER DE TABLERO DE HARDENING
L1_DL,DRAWING,BOTONES MODO MANUAL
L1_DL,ALIGNMENT ROLLERS,BOTONERA
L1_DL,BOCK POINTING MACHINE,BOTONERA
L1_CS,COILING FMB12,BOTONERA
L1_DL,DECOILER,BOTONERA
L1_DL,DRAWING,BOTONERA
FACILITIES,GRUA CS,BOTONERA
L2_CS,COILING FMB01,BOTÓN SELECTOR
L2_ITW,DRIVE ROLLERS 2,BOTON SELECTOR
LT2,LOAD TEST,BOTON SELECTOR
L1_DL,BOCK POINTING MACHINE,BOTON RESET
L3_ITW,DRIVE ROLLERS 1,BOTON DE BAJADA
L2_ITW,TEMPERING,BOTÓN DE APAGADO
L1_ITW,DRIVE ROLLERS 1,BOTÓN
L3_ITW,WINDER,BOTÓN
FACILITIES,SERVICIOS,BOMBAS EXTERIORES
L1_ITW,COOLING TOWER GWK,BOMBAS
L2_ITW,COOLING TOWER GWK,BOMBAS
L3_ITW,COOLING TOWER GWK,BOMBAS
FACILITIES,Torre GWK,BOMBAS
L1_ITW,GWK CHILLER,BOMBA VAPORIZADOR
L1_ITW,COOLING TOWER GWK,BOMBA RETORNO
L2_ITW,COOLING TOWER GWK,BOMBA RETORNO
L3_ITW,COOLING TOWER GWK,BOMBA RETORNO
L2_CS,COOLING TANK,BOMBA RECIRCULACIÓN
L3_ITW,COOLING TOWER GWK,BOMBA PROSESO
L2_ITW,COOLING TOWER GWK,BOMBA PROCESO
L3_ITW,COOLING TOWER GWK,BOMBA PROCESO
L1_ITW,COOLING TOWER GWK,BOMBA INTERCAMBIADOR
L1_ITW,COOLING TOWER GWK,BOMBA HACIA TORRE GWK
L3_ITW,GWK CHILLER,BOMBA EVAPORADOR
L1_ITW,COOLING TOWER GWK,BOMBA DE RETORNO A GWK
L1_ITW,COOLING TOWER GWK,BOMBA DE RETORNO
L2_ITW,COOLING TOWER GWK,BOMBA DE RETORNO
L3_ITW,COOLING TOWER GWK,BOMBA DE RETORNO
L2_ITW,COOLING ZONE 2,BOMBA DE RETORNO
L2_ITW,GWK CHILLER,BOMBA DE RETORNO
L2_ITW,HARDENING,BOMBA DE RETORNO
L2_ITW,PLC/CONTROL,BOMBA DE RETORNO
L3_ITW,PLC/CONTROL,BOMBA DE RETORNO
L3_ITW,TEMPERING,BOMBA DE RETORNO
L3_ITW,GWK CHILLER,BOMBA DE RECIRCULACIÓN
L3_ITW,COOLING TOWER GWK,BOMBA DE RECIRCULACION
L1_ITW,COOLING TANK,BOMBA DE PROCESO
L1_ITW,COOLING TOWER GWK,BOMBA DE PROCESO
L2_ITW,COOLING TOWER GWK,BOMBA DE PROCESO
L3_ITW,COOLING TOWER GWK,BOMBA DE PROCESO
L2_ITW,GWK CHILLER,BOMBA DE PROCESO
L1_ITW,HARDENING,BOMBA DE PROCESO
L1_PINTURA,ETAPA BAÑO 2,BOMBA DE P2
L3_ITW,WINDER,BOMBA DE LUBRICACION
L2_CS,COOLING TANK,BOMBA DE LLENADO
L3_ITW,GWK CHILLER,BOMBA DE EVAPORADOR
L3_ITW,GWK CHILLER,BOMBA DE EVAPORACIÓN
L1_ITW,COOLING TOWER GWK,BOMBA DE ENVÍO
L2_ITW,COOLING TOWER GWK,BOMBA DE ENVÍO
L1_PINTURA,ETAPA BAÑO 3,BOMBA DE CALOR
L1_PINTURA,ETAPA DESENGRASANTE,BOMBA DE CALOR
L1_PINTURA,ETAPA ENJUAGUE,BOMBA DE CALOR
L1_ITW,BENDING ROLLERS,BOMBA DE ACEITE
L1_PINTURA,ETAPA FOSFATO,BOMBA CALOR
L2_CS,COOLING TANK,BOMBA
L1_ITW,COOLING TOWER GWK,BOMBA
L2_ITW,COOLING TOWER GWK,BOMBA
L3_ITW,COOLING TOWER GWK,BOMBA
L2_ITW,COOLING ZONE 2,BOMBA
L1_DL,DECOILER,BOMBA
L1_ITW,GWK CHILLER,BOMBA
L2_ITW,GWK CHILLER,BOMBA
L3_ITW,GWK CHILLER,BOMBA
L2_ITW,TORRE GWK,BOMBA
L3_ITW,TORRE GWK,BOMBA
L1_ITW,WINDER,BOMBA
L1_DL,SHOT PEENER DUST COLLECTOR,BOLSA
L1_ITW,HARDENING,"BOBINAS, MANGUERAS Y FLUJO DE AGUA"
L1_ITW,HARDENING,BOBINAS
L2_ITW,HARDENING,BOBINAS
L3_ITW,HARDENING,BOBINAS
L2_ITW,SLM,BOBINAN
L2_ITW,HARDENING,BOBINA(SERPENTINA)
L2_ITW,SLM,BOBINA SLM
L2_ITW,SLM,BOBINA DE SLM
L2_CS,COILING FMB01,BOBINA DE CORTADOR
L2_CS,COILING FMB01,BOBINA CORTADOR
L1_CS,COILING FMB12,BOBINA CORTADOR
L2_CS,COILING FMB46,BOBINA CORTADOR
L2_ITW,SLM,BOBINA (CAPACITORES)
L2_CS,COILING FMB01,BOBINA
L1_CS,COILING FMB12,BOBINA
L1_ITW,HARDENING,BOBINA
L3_ITW,HARDENING,BOBINA
L2_ITW,SLM,BOBINA
L1_ITW,COOLING TOWER GWK,BNADAS MOTOR SUPERIOR
L2_CS,COOLING TANK,BLOCK DE VÁLVULAS
L1_CS,COOLING TANK,BLOCK DE ELECTROVALVULAS
LT2,LOAD TEST,BIG GAGE
L3_ITW,BENDING ROLLERS,BENDING ROLLERS 1
L1_CS,HOT SET,BENDING ROLLERS
L1_ITW,BENDING ROLLERS,BENDING ROLLER 2
L2_ITW,BENDING ROLLERS,BENDING ROLLER 1
L3_ITW,BENDING ROLLERS,BENDING ROLLER 1
L3_ITW,BENDING ROLLERS,BENDING ROLL
L2_ITW,BENDING ROLLERS,BENDING 1
L1_DL,SHOT PEENER,BAZUCA
L1_DL,SHOT PEENER,BASUCA DE ENTRADA
L2_ITW,DRIVE ROLLERS 1,BASTAGO DE PISTON
L2_ITW,HARDENING,BASES DE RODILLOS GUÍA
L2_ITW,HARDENING,BASES
L2_ITW,SLM,BASE DE SLM
L1_ITW,HARDENING,BASE DE SERPENTINAS
L2_ITW,HARDENING,BASE DE SERPENTINAS
L1_CS,HOT SET,BASE DE PISADOR
L1_ITW,HARDENING,BASE DE INDUCTORES
L2_ITW,HARDENING,BASE DE INDUCTORES
L1_ITW,CIRCOGRAPH,BASE DE ENTRADA DE CIRCOGRAPH
LT2,LOAD TEST,BASE DE ELEVADORES
L1_ITW,DRIVE ROLLERS 1,BASE DE DRIVEROLLS
L3_ITW,HARDENING,BASE DE BOBINA
L1_CS,COILING FUL103,BASE COORTADOR
L2_ITW,HARDENING,BASE BOBINAS
L2_ITW,SLM,BASE BOBINAS
L2_ITW,HARDENING,BASE BOBINA
L1_ITW,HARDENING,BASE
L1_CS,STRESS RELIEF OVEN,BARRERAS FOTOELÉCTRICAS SALIDA
L2_CS,STRESS RELIEF OVEN,BARRERAS FOTOELÉCTRICAS SALIDA
L1_CS,STRESS RELIEF OVEN,BARRERAS FOTOELÉCTRICAS ENTRADA
L2_CS,STRESS RELIEF OVEN,BARRERAS FOTOELÉCTRICAS ENTRADA
L2_CS,STRESS RELIEF OVEN,BARRERAS FOTOELÉCTRICAS DE SALIDA
L2_CS,HOT SET,BARRERAS FOTOELÉCTRICAS
L1_CS,STRESS RELIEF OVEN,BARRERAS FOTOELÉCTRICAS
L2_CS,INLET,BARRERAS FOTOELECTRICAS
L2_CS,STRESS RELIEF OVEN,BARRERAS FOTOELECTRICAS
L1_CS,STRESS RELIEF OVEN,BARRERAS ELÉCTRICAS
L2_CS,HOT SET,BARRERAS DE LUZ. REGLETA DE SEGURIDAD
L1_CS,COLDSET,BARRERAS
L1_CS,STRESS RELIEF OVEN,BARRERAS
L3_ITW,DISC SAW,BARRERA LUZ
L2_CS,HOT SET,BARRERA FOTOELECTRICA
L2_CS,STRESS RELIEF OVEN,BARRERA FOTOELECTRICA
L2_CS,STRESS RELIEF OVEN,BARRERA DE SEGURIDAD
L1_CS,COLDSET,BARRERA DE LUZ
L2_CS,HOT SET,BARRERA DE LUZ
L2_CS,STRESS RELIEF OVEN,BARRERA DE LUZ
L2_CS,STRESS RELIEF OVEN,BARRERA
L1_DL,GRINDING,BARRENO
L1_CS,COLDSET,BARRA DE SEGURIDAD
L2_CS,STRESS RELIEF OVEN,BARRA DE SEGURIDAD
L2_CS,COOLING TANK,BANDEJAS
L2_CS,COOLING TANK,BANDEJA DESPLAZADA
L2_CS,COOLING TANK,BANDEJA
L2_CS,STRESS RELIEF OVEN,BANDAS DE MOTOR
L2_ITW,COOLING TOWER GWK,BANDAS DE GWK
L1_ITW,GWK CHILLER,BANDAS DE GWK
L2_CS,STRESS RELIEF OVEN,BANDAS
L2_ITW,DRIVE ROLLERS 1,BANDA DENTADA
L1_ITW,DRIVE ROLLERS 2,BANDA DENTADA
L2_CS,COILING FMB46,BANDA DE SALIDA
L2_ITW,COOLING TOWER GWK,BANDA DE MOTOR
L1_CS,COLDSET,BANDA DE LOCALIZADOR
L1_ITW,DRIVE ROLLERS 1,BANDA
L2_ITW,DRIVE ROLLERS 1,BANDA
L2_ITW,DRIVE ROLLERS 2,BANDA
L1_ITW,HARDENING,BANCO DE CAPACITORES
L2_ITW,HARDENING,BANCO DE CAPACITORES
L3_ITW,HARDENING,BANCO DE CAPACITORES
L1_ITW,HARDENING,BANCO CAPACITORES
L2_CS,COOLING TANK,BALEROS LINEALES
L3_ITW,DRIVE ROLLERS 3,BALEROS EN FLECHA
L1_ITW,BENDING ROLLERS,BALEROS DE FLECHA
L3_ITW,DRIVE ROLLERS 3,BALEROS DE FLECHA
L2_ITW,ALIGNMENT ROLLERS,BALEROS
L2_ITW,BENDING ROLLERS,BALEROS
L1_ITW,CIRCOGRAPH,BALEROS
L1_DL,DECOILER,BALEROS
L1_ITW,DRIVE ROLLERS 1,BALEROS
L3_ITW,DRIVE ROLLERS 1,BALEROS
L3_ITW,DRIVE ROLLERS 2,BALEROS
L3_ITW,DRIVE ROLLERS 1,BALERO DE FLECHA
L2_ITW,BENDING ROLLERS,BALERO
L1_DL,DEFECTOMAT,BALERO
L1_CS,HOT SET,BALERO
L1_DL,DRAWING,BALATA
L1_CS,ROBOT 3,BALANCER
L2_ITW,COOLING TOWER GWK,BAJO SUMINISTRO
L3_ITW,COOLING TOWER GWK,BAJO SUMINISTRO
L1_CS,COOLING TANK,BAJO NIVEL
L2_CS,COOLING TANK,BAJO NIVEL
L1_ITW,COOLING TOWER GWK,BAJO NIVEL
L1_CS,FINE PEENER DUST COLLECTOR,BAJA PRESIÓN
L2_CS,ROBOT 2,AVERIA DE PINZA
L1_ITW,PLC/CONTROL,AUXILIAR
L1_DL,DECOILER,AUTOMATICO
L2_CS,SHOT PEENER,ATORONES
L1_DL,SHOT PEENER,ATORON
L1_CS,COOLING TANK,ATASCO
L2_ITW,BENDING ROLLERS,AS-I
L2_CS,COILING FMB01,AS-I
L2_CS,COILING FMB46,AS-I
L1_CS,COLDSET,AS-I
L2_CS,COLDSET,AS-I
L1_CS,COOLING TANK,AS-I
L2_CS,COOLING TANK,AS-I
L1_ITW,DISC SAW,AS-I
L2_ITW,DISC SAW,AS-I
L3_ITW,DRIVE ROLLERS 1,AS-I
L1_ITW,DRIVE ROLLERS 2,AS-I
L3_ITW,DRIVE ROLLERS 2,AS-I
L1_CS,FINE PEENER,AS-I
L2_CS,FINE PEENER,AS-I
L2_ITW,HARDENING,AS-I
L3_ITW,HARDENING,AS-I
L1_CS,HOT SET,AS-I
L2_CS,HOT SET,AS-I
L1_CS,INLET,AS-I
L2_CS,INLET,AS-I
LT1,LOAD TEST,AS-I
L1_ITW,PLC/CONTROL,AS-I
L2_ITW,PLC/CONTROL,AS-I
L3_ITW,PLC/CONTROL,AS-I
L1_CS,ROBOT 1,AS-I
L1_CS,SHOT PEENER,AS-I
L2_CS,SHOT PEENER,AS-I
L2_CS,FINE PEENER,ARRASTRE
L1_ITW,COOLING TOWER GWK,ARRANQUE
L1_ITW,GWK CHILLER,ARRANQUE
L3_ITW,COOLING TOWER GWK,ARRANCADOR SUAVE
L3_ITW,HARDENING,ARRANCADOR SUAVE
L1_ITW,COOLING TOWER GWK,ARRANCADOR
L2_CS,SHOT PEENER,ARMARIOS
FACILITIES,SUMINISTRO ELECTRICIDAD,APAGÓN
L1_DL,SHOT PEENER DUST COLLECTOR,ANOMALIA
L2_CS,SHOT PEENER,ANGULO DE DISPARO
L1_DL,SHOT PEENER,AMPERAJE
L2_CS,SHOT PEENER,AMPERAJE
LT2,LOAD TEST,ALTURA DE MAQUINA
L1_CS,HOT SET,ALTURA DE MAQUINA
L1_CS,COOLING TANK,ALTA TEMPERATURA
L2_CS,COOLING TANK,ALTA TEMPERATURA
L1_ITW,COOLING TOWER GWK,ALTA TEMPERATURA
L1_ITW,GWK CHILLER,ALTA TEMPERATURA
L2_ITW,GWK CHILLER,ALTA TEMPERATURA
L3_ITW,GWK CHILLER,ALTA TEMPERATURA
L2_ITW,SLM,ALTA TEMPERATURA
L1_CS,STRESS RELIEF OVEN,ALTA TEMPERATURA
L1_ITW,TEMPERING,ALTA TEMPERATURA
L3_ITW,TEMPERING,ALTA TEMPERATURA
L1_ITW,HARDENING,ALTA CORRIENTE
L2_ITW,HARDENING,ALTA CORRIENTE
L1_ITW,PLC/CONTROL,ALIMENTACIÓN
L2_ITW,PLC/CONTROL,ALIMENTACIÓN
L3_ITW,PLC/CONTROL,ALIMENTACIÓN
L3_ITW,ALIGNMENT ROLLERS,ALIGGNMENT ROLLERS
L1_CS,FINE PEENER DUST COLLECTOR,ALARMA
L3_ITW,PLC/CONTROL,ALARMA
L1_DL,SHOT PEENER DUST COLLECTOR,ALARMA
L2_CS,SHOT PEENER DUST COLLECTOR,ALARMA
L1_CS,SHOT PEENER DUST COLLECTOR,ALARMA
L1_DL,DECOILER,ALAMBRE ATORADO
L1_CS,COILING FMB12,ALAMBRE
L1_DL,DEFECTOMAT,ALAMBRE
L1_CS,INLET,AJUSTE DE PARAMETRO
L1_DL,ALIGNMENT ROLLERS,AJUSTE DE CAJA
L1_ITW,HARDENING,AISLAMIENTO
L2_ITW,SLM,AISLAMIENTO
L2_CS,COLDSET,AIRE COMPRIMIDO
L1_CS,COLDSET,AIRE COMPRIMIDO
L1_CS,COOLING TANK,AIRE COMPRIMIDO
L1_CS,FINE PEENER DUST COLLECTOR,AIRE COMPRIMIDO
L2_CS,HOT SET,AIRE COMPRIMIDO
L1_CS,HOT SET,AIRE COMPRIMIDO
L3_ITW,PLC/CONTROL,AIRE COMPRIMIDO
L1_CS,ROBOT 2,AIRE COMPRIMIDO
L2_CS,SHOT PEENER,AIRE COMPRIMIDO
L2_CS,SHOT PEENER DUST COLLECTOR,AIRE COMPRIMIDO
L1_CS,STRESS RELIEF OVEN,AIRE COMPRIMIDO
L2_CS,STRESS RELIEF OVEN,AIRE COMPRIMIDO
L3_ITW,WINDER,AIRE COMPRIMIDO
L3_ITW,GWK CHILLER,AGUA CONTAMINADA
L1_ITW,COOLING TOWER GWK,AGUA
L2_ITW,COOLING TOWER GWK,AGUA
L3_ITW,GWK CHILLER,AGUA
L2_ITW,HARDENING,AGUA
L3_ITW,HARDENING,AGUA
L2_CS,COILING FMB01,ACUMULADOR
L2_ITW,BENDING ROLLERS,ACOPLAMIENTO MECANICO
L1_CS,FINE PEENER,ACOPLAMIENTO DE CADENA
L2_ITW,BENDING ROLLERS,ACOPLAMIENTO
L2_CS,COILING FMB01,ACEITE MUY CALIENTE
L2_CS,COILING FMB01,ACEITE HIDRAULICO
L1_DL,DRAWING,ACEITE HIDRAULICO
L1_DL,ALIGNMENT ROLLERS,ACEITE
L2_CS,COILING FMB01,ACEITE
L1_ITW,HARDENING,1000 GRADOS
